title,region,number_of_rooms,quadrat,price
Banese me qira ne lagjen Bregu i Diellit 2+1,Prishtine,2,70m 2,300 �
Banese me qira ne lagjen Sllovenia e Sportit 2+1,Prishtine,2,95m 2,370 �
Banese me qira ne lagjen Rruga B 2+1,Prishtine,2,75m 2,350 �
Banese me qira ne lagjen Aktash 1+1,Prishtine,1,40m 2,200 �
Banese me qira ne lagjen Ulpiane 1+1,Prishtine,1,55m 2,280 �
Banese me qira ne lagjen Parku i Qytetit 1+1,Prishtine,1,60m 2,230 �
Banese me qira ne lagjen 4 Llullat 1+1,Prishtine,1,42m 2,200 �
Banese me qira ne lagjen Qender 2+1,Prishtine,2,75m 2,270 �
Banes(Gasoniere)me qira ne lagjen Pejton,Prishtine,1,40m 2,250 �
Banese me qira ne lagjen Bregu i Diellit 2+1,Prishtine,2,90m 2,400 �
Banese me qira ne lagjen Mati 1 1+1,Prishtine,1,76m 2,300 �
Banese me qira ne lagjen Ulpiane 1+1,Prishtine,1,20m 2,1 �
Banese me qira ne lagjen Mati 1 1+1,Prishtine,1,73m 2,300 �
Banese me qira ne lagjen Qafa 1+1,Prishtine,1,60m 2,250 �
Banes (zyre) me qira ne Rrugen B 1+1,Prishtine,1,68m 2,300 �
Banese me qira ne lagjen Arberia 2+1,Prishtine,2,90m 2,350 �
Banese me qira ne lagjen Dardani 1+1,Prishtine,1,54m 2,230 �
Banese me qira ne lagjen Dardania 1+1,Prishtine,1,70m 2,350 �
Banese me qira ne lagjen Ulpiane 3+1,Prishtine,3,120m 2,450 �
Banese me qira ne lagjen e Muhaxherve 3+1,Prishtine,3,100m 2,450 �
Banese me qira ne lagjen Arberia 1+1,Prishtine,1,55m 2,300 �
Banese ( Garsoniere ) me qira ne Ulpiane,Prishtine,1,30m 2,200 �
Banese me qira ne lagjen Lagje e Spitalit 2+1,Prishtine,2,87m 2,300 �
Banese me qira ne lagjen Mati 1 1+1,Prishtine,1,66m 2,300 �
Banese me qira ne lagjen Bregu i Diellit 1+1,Prishtine,1,65m 2,250 �
Banese me qira ne lagjen Tophane 1+1,Prishtine,1,65m 2,250 �
Banese me qira ne lagjen Arberia 2+1,Prishtine,2,85m 2,400 �
Banese me qira ne lagjen Dardania 1+1,Prishtine,1,60m 2,250 �
Banese me qira ne lagjen Ulpiane 1+1,Prishtine,1,240m 2,240 �
Banese me qira ne lagjen Qender 1+1,Prishtine,1,60m 2,300 �
Banese me qira ne lagjen Qafa 1+1,Prishtine,1,70m 2,300 �
Banese me qira ne lagjen Mati 1 1+1,Prishtine,1,50m 2,270 �
Banese me qira ne lagjen Ulpiane 1+1,Prishtine,1,50m 2,300 �
Banese me qira ne lagjen Arberia 1+1,Prishtine,1,57m 2,250 �
Banese me qira ne lagjen Bregu i Diellit 2+1,Prishtine,2,50m 2,230 �
Banese me qira ne lagjen Mati 1 1+1,Prishtine,1,55m 2,250 �
Banese me qira ne lagjen Arberia 1+1,Prishtine,1,73m 2,330 �
Banese me qira ne lagjen 4 Llullat 2+1,Prishtine,2,90m 2,300 �
Banese me qira ne lagjen Rruga C 1+1,Prishtine,1,65m 2,250 �
Banese me qira ne lagjen Qender 1+1,Prishtine,1,30m 2,250 �
Banese me qira ne lagjen Dardania 2+1,Prishtine,2,65m 2,320 �
Banese me qira ne lagjen Ulpiane 2+1,Prishtine,2,70m 2,350 �
Banese me qira ne lagjen Bregu i Diellit,Prishtine,1,65m 2,250 �
Banese me qira ne lagjen Arberia_2+1,Prishtine,2,90m 2,500 �
Banese me qira ne lagjen Tophane,Prishtine,2,80m 2,300 �
Banese me qira ne Lagje te Spitalit_2+1,Prishtine,2,82m 2,330 �
Banese me qira ne Rrugen B_2+1,Prishtine,2,83m 2,400 �
Banese me qira ne lagjen Dardania,Prishtine,1,65m 2,280 �
Banese (zyre) me qira ne Qender,Prishtine,2,80m 2,350 �
Banese me qira ne Qender,Prishtine,1,60m 2,250 �
Banese me qira ne lagjen Aktash,Prishtine,1,60m 2,350 �
Banese me qira ne lagjen Lakrishte,Prishtine,1,67m 2,300 �
Banese me qira te Qafa,Prishtine,1,60m 2,250 �
Banese me qira ne lagjen Pejton,Prishtine,1,64m 2,300 �
Banese me qira ne lagjen Bregu i diellit,Prishtine,1,60m 2,250 �
Banese me qira ne lagjen Mati 1,Prishtine,2,65m 2,250 �
Super Banese me qira ne lagjen Emshir,Prishtine,2,85m 2,350 �
Super Banese me qira ne lagjen Arberia,Prishtine,1,67m 2,300 �
Banese me qira ne lagjen Bregu i diellit,Prishtine,2,90m 2,250 �
Banese me qira te Rruga B,Prishtine,2,82m 2,350 �
Banese me qira ne lagje te Spitalit,Prishtine,1,59m 2,200 �
Banese me qira ne lagjen Arberia,Prishtine,2,85m 2,300 �
"Banes�/Garsoniere me #qira n� lagjen Qender, prapa Hotel Sirius #3443",Prishtine,1,20m 2,200 �
Banes me qira ne Lakrishte 2+1,Prishtine,2,85m 2,350 �
Banes komode me qira ne Pejton,Prishtine,1,40m 2,200 �
Banes me qira ne Arberi moderne,Prishtine,2,75m 2,300 �
Banes me qira ne Ulpiane e renovuar,Prishtine,1,60m 2,300 �
Banes (penthause) me qira mrapa Teatrit,Prishtine,2,100m 2,350 �
Banes me qira te Slovenia Sporti,Prishtine,1,60m 2,250 �
Banese komode me qira ne Dardani,Prishtine,1,60m 2,220 �
Banes me qira te Sllovenia Sportit,Prishtine,2,70m 2,320 �
Super banese me qira te Sllovenia Sporti,Prishtine,2,100m 2,500 �
Super banese me qira ne lagjen Sllovenia Sporti,Prishtine,2,100m 2,500 �
Garsoniere me qira te Sllovenia Sporti,Prishtine,1,45m 2,200 �
Banes me qira ne Dardani e renovuar,Prishtine,1,65m 2,250 �
Banese moderne me qira ne Lagjen Muhaxhereve,Prishtine,2,90m 2,400 �
Banes komode me qira ne Mati 1,Prishtine,1,65m 2,200 �
Banese komode me qira ne Lagje te Spitalit,Prishtine,1,60m 2,250 �
Banes me qira te Parku i Qytetit 2+1,Prishtine,2,85m 2,500 �
Banes me qira ne Tophane,Prishtine,1,40m 2,250 �
Banese moderne me qira ne lagjen Sllovenia Sporti,Prishtine,1,65m 2,300 �
Banese moderne me qira Mrapa Teatrit,Prishtine,2,80m 2,300 �
Banese me qira ne lagjen Arberia 2+1,Prishtine,2,110m 2,350 �
Banes komode me qira ne Ulpian,Prishtine,1,65m 2,250 �
Banes me qira te Sllovenia Sporti,Prishtine,1,65m 2,250 �
Banese komode ne lagjen Sllovenia Sporti,Prishtine,1,55m 2,250 �
Banes me qira ne Breg te Diellit 2+1,Prishtine,2,90m 2,280 �
Banes me qira te 4Llullat,Prishtine,1,65m 2,270 �
Banes ekskluzive me qira ne Breg te Diellit 2+1,Prishtine,2,75m 2,400 �
Super banes me qira ne Arberi,Prishtine,2,85m 2,350 �
Banes moderne me qira te 4 Llullat,Prishtine,2,75m 2,450 �
Banes me qira ne Lagje e Spitalit moderne,Prishtine,1,65m 2,260 �
Banes me qira ne Lagjen e Muhaxhereve,Prishtine,1,61m 2,250 �
Banes moderne me qira ne Mati 1,Prishtine,2,80m 2,300 �
Banese komode me qira ne Breg te Diellit,Prishtine,1,60m 2,230 �
Banese komode me qira ne Lagje te Spitalit,Prishtine,2,75m 2,250 �
Super ofert banes me qira ne Arberi 2+1,Prishtine,2,83m 2,300 �
Banes moderne me qira ne Tophane,Prishtine,1,72m 2,300 �
Banes moderne me qira ne Emshir,Prishtine,2,80m 2,300 �
Banes moderne me qira ne Dardani,Prishtine,2,85m 2,300 �
Banes me qira ne Ulpiane,Prishtine,2,65m 2,250 �
Banes komode me qira te Qafa,Prishtine,1,65m 2,250 �
Banes me qira ne Ulpiane- Fontana,Prishtine,1,60m 2,200 �
Banes me qira te Qafa,Prishtine,1,60m 2,250 �
Banes me qera ne Dardani te posta e madhe,Prishtine,3,100m 2,400 �
Banes komode me qira ne Ulpiane,Prishtine,1,65m 2,250 �
Banes moderne me qira ne Tophane,Prishtine,2,75m 2,250 �
Super Banes me qira ne Lagje te Spitalit,Prishtine,2,75m 2,300 �
Banes moderne me qira ne Lagje te Spitalit,Prishtine,1,65m 2,300 �
Banes me qira ne Mati 1 e pa banuar me pare,Prishtine,2,75m 2,250 �
Banes me qira te Parku i Qytetit,Prishtine,1,65m 2,220 �
Banes me qira ne Mati 1 2+1,Prishtine,2,75m 2,250 �
Banes me qira ne Ulpiane 2+1,Prishtine,2,75m 2,300 �
Banes komode me qira ne Mati 1,Prishtine,1,70m 2,230 �
Banes moderne me qira ne Dardani,Prishtine,1,65m 2,300 �
Banes komode me qira ne Dardani,Prishtine,1,60m 2,300 �
Banes komode me qira ne Ulpiane,Prishtine,1,45m 2,250 �
Banes me qira Mrapa Teatrit Kombetare 2+1,Prishtine,2,100m 2,300 �
Banes me qira ne Dardani 3+1,Prishtine,3,100m 2,300 �
Banes moderne me qira te Sllovenia Sporti,Prishtine,2,80m 2,300 �
Banes moderne me qira ne Lagje te Spitalit,Prishtine,2,80m 2,280 �
Banes me qira ne Arberi-Komuna e re,Prishtine,1,60m 2,300 �
Leshohet me qira super banese ne lagjen Dardania,Prishtine,5,140m 2,800 �
Ipet banese me qira te rruga B,Prishtine,2,90m 2,220 �
Leshohet banese me qira ne lagjen Dardania,Prishtine,2,75m 2,300 �
Super banese me qira ne lagjen Pejton,Prishtine,2,80m 2,450 �
Leshohet banese me qira ne lagjen e Muhaxherve,Prishtine,1,60m 2,250 �
Super banese me qira ne lagjen e Spitalit,Prishtine,2,106m 2,500 �
Leshohet banese me qira te Qafa,Prishtine,2,85m 2,270 �
Leshohet banese me qira afer parkut te qytetit,Prishtine,2,75m 2,250 �
Leshohet banese me qira ne Lagjen e Spitalit,Prishtine,1,73m 2,250 �
Banese me qira ne Lagjen e Spitalit,Prishtine,1,60m 2,250 �
Banes Komode me Qira ne Mat te Shk.F. Pavarsia,Prishtine,2,90m 2,430 �
Super Banes me Qira ne Fushe Kosove Perball Bau Marketit,Fushe Kosove,2,76m 2,250 �
Banes 3 Dhomshe me Qira ne Tophane,Prishtine,3,100m 2,550 �
Leshohet me qira banesa ne lagjen Mati 1,Prishtine,1,55m 2,220 �
Super banese me qira ne Qender,Prishtine,3,130m 2,700 �
Super Banes me Qira ne Aktash te Pika Luxury,Prishtine,1,45m 2,350 �
Super Banes me Qira ne Dardani te Narteli - 130 M2,Prishtine,2,130m 2,630 �
Banese me qira te Parku i qytetit,Prishtine,1,70m 2,250 �
Banes Komode me Qira ne Mat te Super Viva 2,Prishtine,1,72m 2,350 �
Banese ( garsoniere ) me qira ne lagjen Mati 1,Prishtine,1,45m 2,200 �
Ipet banese me qira ne lagjen Pejton,Prishtine,2,73m 2,380 �
Leshohet banese me qira ne lagjen Arberia,Prishtine,2,95m 2,350 �
Leshohet banese me qira ne lagjen Ulpiana,Prishtine,2,72m 2,250 �
Super banese me qira ne lagjen Lakrishte,Prishtine,1,60m 2,300 �
Banes Komode me Qira ne Fushe Kosove Afer Fures Vlora,Fushe Kosove,1,65m 2,190 �
Banes Komode me Qira ne Arberi Afer Qafes te Pandora,Prishtine,2,85m 2,350 �
Leshohet banese me qira ne Qender,Prishtine,2,75m 2,400 �
Leshohet banese me qira ne Lagjen e Spitalit,Prishtine,1,65m 2,250 �
Leshohet banese me qira ne Qender,Prishtine,1,50m 2,250 �
Banese me qira ( per zyre ) ne Qender,Prishtine,1,54m 2,300 �
Banese me qira ne Qender,Prishtine,3,100m 2,350 �
Super banese me qira ne Rrugen B,Prishtine,2,90m 2,400 �
Banese ( garsoniere ) me qira te Bregu i diellit,Prishtine,1,35m 2,200 �
Ipet banese me qira ne lagjen Bregu i diellit,Prishtine,2,75m 2,300 �
Banes me qira ne Qender 2+1,Prishtine,2,80m 2,400 �
Banese me qira ne Mati 1,Prishtine,2,76m 2,300 �
Super banese me qira ne Emshir 3+1,Prishtine,3,115m 2,300 �
Leshohet banese me qira ne Arberi,Prishtine,1,60m 2,300 �
Banes me qira ne Mati 1,Prishtine,1,65m 2,200 �
Leshohet banese me qira ne Arberi 2+1,Prishtine,2,80m 2,350 �
Leshohet banese me qira te Bregu i Diellit,Prishtine,1,64m 2,190 �
Leshohet banese me qira ne Emshir,Prishtine,1,55m 2,250 �
Leshohet banese me qira ne Ulpiane 2+1,Prishtine,2,60m 2,300 �
Leshohet banese me qira ne Ulpiane 2+1,Prishtine,2,60m 2,300 �
Leshohet banese me qira ne Ulpiane,Prishtine,2,67m 2,280 �
Banese me qira ne Breg te Diellit,Prishtine,1,54m 2,200 �
Banese me qira ne Dardani 2+1,Prishtine,2,70m 2,350 �
Banese me qira ne Aktash,Prishtine,2,86m 2,250 �
Leshohet banese me qira ne Bregun e Diellit,Prishtine,1,65m 2,200 �
Banese me qira ne Dardani ( te Santea ),Prishtine,2,80m 2,270 �
Ekstra banese me qira te Sllovenia Sporti,Prishtine,2,130m 2,500 �
Banese me qira ne Arberi 1+1,Prishtine,1,65m 2,280 �
Banese me qira ne Lagjen e Muhagjerve 1+1,Prishtine,1,61m 2,300 �
Super Banese me qera ne Arberi,Prishtine,1,55m 2,280 �
Banes me qira ne Emshir e pa banuar me pare,Prishtine,2,75m 2,350 �
Banese me qira e renovuar ne Dardani,Prishtine,2,75m 2,250 �
Banes me qira ne Mati 1,Prishtine,2,75m 2,350 �
Banese komode me qira ne Dardani,Prishtine,1,65m 2,200 �
Banese me qira te Sllovenia Sporti 2+1,Prishtine,2,75m 2,350 �
Banes me qira ne Dardani,Prishtine,1,65m 2,290 �
Banes komode me qira ne Mati 1,Prishtine,1,63m 2,200 �
Banes me qira ne Tophane 2+1,Prishtine,2,75m 2,270 �
Banese moderne me qira ne Ulpiane,Prishtine,2,85m 2,300 �
Super Oferte 2+1--350 ne ulpiane,Prishtine,2,70m 2,350 �
Banes me qira ne Qender mobiluar,Prishtine,2,70m 2,330 �
Banes moderne me qira ne Mati 1,Prishtine,2,75m 2,280 �
Banes komode me qira ne Breg te Diellit,Prishtine,1,65m 2,350 �
Banese me qira ne Mati 1 ndertim i ri,Prishtine,1,45m 2,250 �
Banes me qira ne Emshir (banesat e arabve),Prishtine,1,50m 2,200 �
Super ofert Banes me qira ne Mati 1 100m2-250,Prishtine,2,100m 2,250 �
Banese komode me qira ne Breg te Diellit,Prishtine,1,55m 2,250 �
Banes me qira ne Qender ndertim i ri,Prishtine,2,75m 2,300 �
Banes me qira ne Dardani komode,Prishtine,1,65m 2,300 �
Banese me qira ne Lagje te Spitalit 2+1,Prishtine,2,75m 2,250 �
Banes me qira ne Lagje te Spitalit 2+1,Prishtine,2,75m 2,220 �
Banese komode me qira ne Breg te Diellit,Prishtine,1,55m 2,230 �
Banes me qira ne Ulpiane 2+1,Prishtine,2,75m 2,300 �
Banes moderne me qira ne Emshir,Prishtine,2,90m 2,400 �
Banes komode me qira ne Dardani,Prishtine,1,60m 2,300 �
Banes me qira ne Ulpiane e renovuar,Prishtine,1,65m 2,250 �
Banes ekskluzive me qira te Parku i Qytetit,Prishtine,2,95m 2,700 �
Banes komode me qira ne Ulpiane,Prishtine,1,55m 2,270 �
Banes me qira ne Dardani,Prishtine,1,55m 2,250 �
Banes me qira ne Lagje te Spitalit 2+1,Prishtine,2,75m 2,230 �
Banes komode me qira ne Lagje te Spitalit,Prishtine,1,60m 2,200 �
Banes me qira te 4Llullat,Prishtine,1,65m 2,250 �
Ektsra banese me qira,Prishtine,2,70m 2,350 �
Banes me qira ne Ulpiane per zyre,Prishtine,1,65m 2,400 �
Banese me qira ne Lagje te Muhaxhereve,Prishtine,1,50m 2,250 �
Banes me qira ne Qender afer shkolles Sami Frasheri 2+1,Prishtine,2,75m 2,200 �
Banes me qira ne Arberi 2+1,Prishtine,2,75m 2,250 �
Banes me qira ne Ulpiane,Prishtine,1,65m 2,250 �
Banes me qira ne Qender,Prishtine,2,100m 2,400 �
Banes komode me qira ne Emshir,Prishtine,2,75m 2,300 �
Banes me qira ne Dardani te Santea,Prishtine,1,65m 2,200 �
Banes komode me qira ne Velani,Prishtine,1,65m 2,230 �
Banes moderne me qira ne Qender- Pejton,Prishtine,2,75m 2,380 �
Banes me qira ne Rrugen B,Prishtine,2,75m 2,300 �
Banese me qira ne Lagjen Dardania 1+1,Prishtine,1,75m 2,250 �
Banes komode me qira ne Lagje te Spitalit,Prishtine,1,60m 2,250 �
Banes me qira ne Ulpiane,Prishtine,1,65m 2,300 �
Banes me qira ne Lagje te Spitalit,Prishtine,2,130m 2,200 �
Leshohet banese me qira ne lagjen Dardania,Prishtine,2,90m 2,300 �
Banese me qira ne lagjen Dardania,Prishtine,2,82m 2,350 �
Super banese me qira ne Qender,Prishtine,2,60m 2,500 �
Ipet banese me qira ne lagjen Ulpiana,Prishtine,1,60m 2,320 �
Leshohet banese me qira ne lagjen Tophane,Prishtine,1,75m 2,250 �
Leshohet banese me qira ne lagjen Ulpiana,Prishtine,1,45m 2,250 �
Leshohet banese me qira ne lagjen Arberia,Prishtine,1,70m 2,330 �
Banese ( garsoniere ) me qira ne lagjen Arberia,Prishtine,1,45m 2,200 �
Banese me qira ne lagjen Lakrishte,Prishtine,1,60m 2,250 �
Leshohet banese me qira ne lagjen Dardania,Prishtine,1,65m 2,300 �
Leshohet banese me qira ne Qender,Prishtine,1,50m 2,300 �
Leshohet banese me qira ne lagjen Arberia,Prishtine,2,70m 2,220 �
Leshohet banese me qira te Sllovenia Sporti,Prishtine,2,80m 2,350 �
Ipet banese me qira ne lagjen e spitalit,Prishtine,2,70m 2,300 �
Banese me qira ne lagjen Bregu i diellit,Prishtine,2,70m 2,350 �
Ofrohet banese me qira ne Qender,Prishtine,2,80m 2,350 �
Ipet banese me qira ne lagjen Pejton,Prishtine,2,90m 2,450 �
Ofrohet banese me qira ne lagjen Bregu i diellit,Prishtine,1,60m 2,200 �
Leshohet banese me qira ne Taslixhe,Prishtine,1,36m 2,200 �
Leshohet banese me qira ne lagjen Bregu i diellit,Prishtine,1,60m 2,250 �
Ofrohet banese me qira ne Rrugen B,Prishtine,2,55m 2,250 �
Super banese me qira ne lagjen Arberia,Prishtine,2,110m 2,500 �
Banese me qira ne lagjen Dardania,Prishtine,1,55m 2,200 �
Leshohet banese me qira ne lagjen Bregu i diellit,Prishtine,1,65m 2,250 �
Banese (garsoniere) me qira ne lagjen Ulpiana,Prishtine,1,30m 2,200 �
Banese me qira ne lagjen Bregu i diellit,Prishtine,2,100m 2,300 �
Leshohet banese me qira ne lagjen Ulpiana,Prishtine,1,55m 2,250 �
Leshohet banese me qira te Qafa,Prishtine,1,50m 2,300 �
Leshohet banese me qira ne lagjen Dardania,Prishtine,1,58m 2,270 �
Leshohet banese me qira ne Emshir 1+1,Prishtine,2,85m 2,300 �
Leshohet banese me qira te Bregu i Diellit 1+1,Prishtine,1,65m 2,250 �
Leshohet banese me qira ne Ulpiane 1+1,Prishtine,1,50m 2,250 �
Leshohet banese me qira ne lagjen Arberia,Prishtine,1,60m 2,250 �
Leshohet banese me qira ne Tophane,Prishtine,1,58m 2,250 �
Banese me qira ne Veternik,Prishtine,3,106m 2,260 �
Banese me qira ne lagjen Dardania,Prishtine,2,100m 2,250 �
Banese me qira ne Emshir 1+1,Prishtine,1,65m 2,200 �
Banese me qira ne Emshir,Prishtine,2,85m 2,280 �
Leshohet banese me qira ne Fushe Kosove 1+1,Fushe Kosove,1,55m 2,220 �
Banese e re me qira ne Arberi,Prishtine,1,65m 2,300 �
Leshohet super banese me qira ne Arberi 2+1,Prishtine,2,85m 2,400 �
Banese me qira ne Emshir 2+1,Prishtine,2,72m 2,300 �
Leshohet banese me qira ne Tophane,Prishtine,2,70m 2,300 �
Banese me Qira ne Lagje te Spitalit,Prishtine,2,84m 2,250 �
Banese me qira ne Arberi te Komuna e Re,Prishtine,1,70m 2,300 �
Leshohet banese me qira te Parku i Qytetit,Prishtine,2,65m 2,200 �
Leshohet banese me qira ne lagjen Arberia,Prishtine,2,90m 2,300 �
Banese me qira me Termokos,Prishtine,1,63m 2,63 �
Banes me qira te Qafa moderne,Prishtine,1,65m 2,300 �
Banes me qira te 4 Llullat 2+1,Prishtine,2,78m 2,300 �
Banese me qira ne lagjen Sllovenia Sporti,Prishtine,1,65m 2,250 �
Banese ekskluzive me qira ne Arberi,Prishtine,2,80m 2,500 �
Banese komode me qira ne Lagje te Muhaxhereve,Prishtine,1,65m 2,250 �
Banese me qira te Qafa,Prishtine,1,70m 2,300 �
Banese me qira te Sllovenia Sporti,Prishtine,1,60m 2,200 �
Banes me qira ne Aktash 2+1,Prishtine,2,75m 2,250 �
Banes me qira pre zyre,Prishtine,3,88m 2,600 �
Banes me qira ne Tophane komode,Prishtine,1,60m 2,250 �
Banese me qira ne Lagje te Spitalit 2+1,Prishtine,2,84m 2,260 �
Banese komode me qira ne Breg te Diellit,Prishtine,1,65m 2,200 �
Banese komode me qira ne Breg te Diellit,Prishtine,1,50m 2,220 �
Banes moderne me qira ne ULPIANE,Prishtine,2,80m 2,400 �
Banese luksoze me qira ne Lagje te Spitalit,Prishtine,2,310m 2,"2,000 �"
Banese me qira ne Breg te Diellit 2+1,Prishtine,2,105m 2,300 �
Banes me qira ne lagjen Arberia 2+1,Prishtine,2,86m 2,320 �
Banes me qira komode ne Emshir,Prishtine,2,75m 2,230 �
Banese moderne me qira ne Emshir,Prishtine,1,55m 2,230 �
Banesa me qira ne lagjen Arberia,Prishtine,1,58m 2,250 �
Banes me qira te Sllovenia Sport,Prishtine,1,68m 2,300 �
Banes me qira ne Tophane ndertim i ri,Prishtine,3,120m 2,400 �
Banese me qira te Sllovnia Sporti me mobile te reja,Prishtine,2,115m 2,400 �
Banese komode me qira ne Breg te Diellit,Prishtine,1,65m 2,250 �
Banes me qira ne Rrugen B,Prishtine,2,96m 2,300 �
Banes me qira ne Mati 1 kati i 1-re,Prishtine,2,75m 2,250 �
Banes me qira te 4 Llullat,Prishtine,2,75m 2,300 �
Banese me qira ne Breg te Diellit 2+1,Prishtine,2,75m 2,260 �
Banes me qira ne Velani komode,Prishtine,1,55m 2,200 �
Banes me qira ne Dardani te Santea,Prishtine,2,75m 2,250 �
Banes me qira te Sllovenia Sporti 2+1,Prishtine,2,85m 2,300 �
Banes me qira ne Lagje te Spitalit 2+1,Prishtine,2,75m 2,250 �
Banes komode me qira ne Dragodan,Prishtine,1,65m 2,300 �
Banes moderne me qira ne Arberi- komuna e re,Prishtine,1,67m 2,350 �
Super ofert Banes komode me qira ne Arberi,Prishtine,1,55m 2,230 �
Banes me qira ne Aktash 2+1,Prishtine,2,75m 2,250 �
Banes me qira ne Tophane 2+1,Prishtine,2,90m 2,310 �
Banese moderne e qira ne Lagje te Muhaxhereve,Prishtine,1,50m 2,250 �
Banes komode me qira ne Mati 1,Prishtine,1,65m 2,180 �
Banese me qira ne Lagje te Spitalit banesat e Royalit,Prishtine,2,75m 2,350 �
Banes me qira te Sllovenia Sport,Prishtine,1,65m 2,270 �
Banes komode me qira te Parku i Qytetit,Prishtine,1,65m 2,250 �
Banes me qira ne Tophane,Prishtine,1,66m 2,300 �
Banes me qira ne Lakrishte,Prishtine,1,65m 2,350 �
Banese komode me qira ne Lakrishte,Prishtine,1,63m 2,320 �
Banes me qira ne Lagje te Spitalit 3+1,Prishtine,3,100m 2,330 �
SUPER Banese me qera Royal_Termokos,Prishtine,1,62m 2,280 �
Leshoj Banese moderne _Super Oferte,Prishtine,2,75m 2,250 �
Banes moderne me qira te Qafa,Prishtine,1,65m 2,260 �
Banes moderne me qira Tophane 2+1,Prishtine,2,90m 2,370 �
Banes me qira ne Qender te Sheshi ZAHIR PAJAZITI,Prishtine,1,65m 2,300 �
Banes me qira ne Lakrishte,Prishtine,1,45m 2,280 �
Banes me qira ne Emshir 2+1,Prishtine,2,80m 2,250 �
Banes me qira ne Mati 1,Prishtine,2,75m 2,250 �
Banese moderne me qira ne PEJTON,Prishtine,2,75m 2,350 �
Banes me qira ne Arberi qmim te volitshem,Prishtine,2,80m 2,320 �
Banes me qira te Hotel Siriusi 250,Prishtine,1,60m 2,250 �
Leshohet banese me qira ne lagjen Tophane,Prishtine,1,55m 2,250 �
Leshohet banese me qira te 4 Llullat,Prishtine,1,55m 2,250 �
Leshohet banese me qira ne lagjen Bregu i diellit,Prishtine,1,65m 2,300 �
Banese me qira ne Lagjen e Spitalit,Prishtine,1,60m 2,180 �
Ipet banese me qira ne Lagjen e Spitalit,Prishtine,2,90m 2,300 �
Ipet banese me qira ne lagjen Dardania,Prishtine,1,65m 2,350 �
Leshohet banese me qira ne lagjen Arberia,Prishtine,1,50m 2,200 �
Banesa 64m2 me qira te Muharrem Fejza ROZI,Prishtine,2,64m 2,350 �
Banesa 64m2 me qira te Muharrem Fejza ROZI,Prishtine,1,64m 2,400 �
Banesa 70m2 me qira ne Lakrishte ROZI,Prishtine,2,70m 2,350 �
Leshohet banese me qira ne lagjen Emshir,Prishtine,2,85m 2,300 �
Ofrohet banese ( Garsoniere ) me qira ne Qender,Prishtine,1,35m 2,160 �
Ipet banese me qira ne lagjen Mati 1,Prishtine,2,76m 2,350 �
Leshohet banese me qira ne Qender,Prishtine,1,56m 2,260 �
Leshohet banese me qira ne Qender,Prishtine,2,65m 2,350 �
Leshohet banese me qira ne Emshir,Prishtine,1,65m 2,250 �
Ofrohet banese me qira ne lagjen Arberia,Prishtine,1,55m 2,250 �
Leshohet banese me qira ne lagjen Pejton,Prishtine,1,60m 2,300 �
Ofrohet banese me qira ne lagjen Dardania,Prishtine,2,70m 2,300 �
Leshohet banese me qira ne lagjen Bregu i diellit,Prishtine,2,75m 2,250 �
Ekstra banese me qira ne lagjen Arberia,Prishtine,3,97m 2,400 �
Ofrohet banese me qira ne lagjen Arberia,Prishtine,1,65m 2,240 �
Leshohet banese me qira ne lagjen Ulpiana,Prishtine,1,40m 2,250 �
Leshohet banese ( garsoniere ) me qira te Qafa,Prishtine,1,30m 2,200 �
Leshohet banese me qira te Qafa,Prishtine,2,90m 2,300 �
Banese luksoze me qira ne lagjen Arberia,Prishtine,2,90m 2,500 �
Banese me qira ne Bregun e diellit,Prishtine,1,55m 2,200 �
Leshohet banese me qira ne lagjen Arberia,Prishtine,2,75m 2,280 �
Banese luksoze me qira ne lagjen Arberia,Prishtine,2,90m 2,500 �
Ipet banese me qira ne Rrugen B,Prishtine,1,75m 2,270 �
Leshohet super banese me qira ne Arberi 2+1,Prishtine,2,75m 2,350 �
Leshohet banese ( Garsoniere ) me qira ne Qender,Prishtine,1,30m 2,220 �
Banese me qira ne Arberi 2+1,Prishtine,2,100m 2,350 �
Leshohet banese me qira ne Qender 1+1,Prishtine,1,50m 2,200 �
Banese ( garsoniere) me qira ne Lagje te Spitalit,Prishtine,1,30m 2,200 �
Leshohet banese me qira te Mati 1 2+1,Prishtine,2,86m 2,300 �
Leshohet Ekstra banese me qira ne Arberi,Prishtine,5,225m 2,"2,200 �"
Banese me qira ne Qender,Prishtine,1,65m 2,300 �
Leshohet banese me Qira te Qafa 1+1,Prishtine,1,55m 2,280 �
Leshohet banese me qira ne Velani 2+1,Prishtine,2,80m 2,200 �
Leshohet banese me qira ne Ulpiane 2+1,Prishtine,2,75m 2,270 �
Leshohet banese me qira ne Lagjen e Muhagjerve 1+1,Prishtine,1,60m 2,250 �
Banese me qira per zyre ( Prime Group ),Prishtine,2,80m 2,350 �
Leshohet banese me qira te Rruga C 3+1,Prishtine,3,120m 2,400 �
Leshohet banese me qira ne Dardani ( Santea ),Prishtine,1,65m 2,350 �
Leshohet banese me qira ne Rrugen B 1+1,Prishtine,1,65m 2,300 �
Garsoniere me qera ne lagjen Ulpiana,Prishtine,1,42m 2,200 �
Super Banese me qera ne Arberi,Prishtine,1,60m 2,280 �
Banes komode me qira ne Tophane,Prishtine,1,65m 2,200 �
Banes me qira te Parku i Qytetit,Prishtine,2,75m 2,300 �
Banese komode me qira te Sllovenia Sporti,Prishtine,1,55m 2,250 �
Banes me qira ne Arberi,Prishtine,2,80m 2,220 �
Banes me qira ne Qender komode,Prishtine,1,65m 2,350 �
Banese me qira ne Aktash mobiluar,Prishtine,1,65m 2,350 �
Banesa 50m2 me qira ne Ulpiane ROZI,Prishtine,1,50m 2,350 �
Banesa 55m2 me qira ne Qender ROZI,Prishtine,1,55m 2,250 �
Banesa 100m2 me qira te Mati 1 ROZI,Prishtine,3,100m 2,520 �
BANESE ME QIRA AFER SHKOLLES SE RE �MIHAL GRAMENO�,Fushe Kosove,3,85m 2,250 �
BANESE ME QIRA TE RRUGA �NENA TEREZE�,Fushe Kosove,3,86m 2,220 �
BANESE ME QIRA MBI ELI ABI RR- DARDANIA-M.GRAMENO,Fushe Kosove,2,65m 2,230 �
BANES� ME QIRA N� FUSH� KOSOVE� AFER �PLUS MINUS �,Fushe Kosove,2,60m 2,180 �
BANESE ME QIRA N� FUSH� KOSOV� rr�Hajrullah Zymi �,Fushe Kosove,3,75m 2,200 �
BANESE ME QIRA AFER SHKOLLES �MIHAL GRAMENO�,Fushe Kosove,2,67m 2,250 �
"LOKAL ME QIRA NE FUSHE KOSOVE, TE XHAMIA E RE",Fushe Kosove,1,100m 2,"1,000 �"
JAP ME QIRA BANESEN NE RRUG�N �DARDANIA�,Fushe Kosove,2,65m 2,220 �
Leshohet banesa me qira ne fushkosov tek eli ab,Fushe Kosove,1,65m 2,230 �
jep banesen me qira ne fushkosov,Fushe Kosove,2,80m 2,230 �
jep banesen me qira ne fushkosov,Fushe Kosove,1,65m 2,180 �
leshohet banesa me qira ne fushkosov,Fushe Kosove,1,60m 2,250 �
jep banesen me qira,Prishtine,1,45m 2,180 �
jep banesen me qira,Fushe Kosove,1,67m 2,200 �
leshohet banesa me qira ne fushkosov,Fushe Kosove,1,65m 2,200 �
leshohet banesa me qira ne fushkosov,Fushe Kosove,1,60m 2,250 �
jep banesen me qira ne fushkosov,Fushe Kosove,1,60m 2,220 �
Banese me qira ne Lagje te Spitalit,Prishtine,1,53m 2,250 �
Banese me qira ne lagjen Dardania,Prishtine,1,60m 2,300 �
Banese me qira ne lagjen Mati 1,Prishtine,2,90m 2,400 �
Banese me qira ne lagen Tophane,Prishtine,1,60m 2,300 �
Banese me qira ne lagjen Bregu i Diellit,Prishtine,3,125m 2,500 �
Banese me qira ne lagjen Arberia_1+1,Prishtine,1,65m 2,320 �
Banese me qira ne lagjen Lakrishte_2+1,Prishtine,2,85m 2,350 �
Banese me qira ne lagjen Arberia,Prishtine,1,65m 2,350 �
Banese (penthouse) me qira ne lagjen Arberia,Prishtine,2,116m 2,850 �
Banese me qira ne lagjen Rruga B_2+1,Prishtine,2,91m 2,400 �
Banese me qira ne Lagje te Spitalit_2+1,Prishtine,2,90m 2,400 �
Super banese me qira ne lagjen Pejton,Prishtine,3,120m 2,"1,000 �"
Banese me qira ne lagjen Bregu i Diellit_2+1,Prishtine,2,90m 2,250 �
Banese me qira ne lagjen Rruga B,Prishtine,2,90m 2,500 �
Banese me qira ne lagjen Arberi,Prishtine,3,105m 2,420 �
Banese me qira ne lagjen Arberia,Prishtine,1,64m 2,300 �
Banese me qira ne lagje te Spitalit_2+1,Prishtine,2,86m 2,400 �
Banese me qira ne lagjen Rruga C,Prishtine,2,80m 2,500 �
Banese me qira ne lagjen Dardania_2+1,Prishtine,2,80m 2,400 �
Banese me qira ne lagjen Arberia_2+1,Prishtine,2,84m 2,500 �
Banese (penthouse) me qira ne lagjen Arberi_3+1,Prishtine,3,135m 2,"1,300 �"
Banese (zyre) me qira ne lagjen Rruga B,Prishtine,3,176m 2,800 �
Banese me qira ne Aktash_2+1,Prishtine,2,75m 2,550 �
Banese me qira ne lagjen ne Dardani,Prishtine,1,50m 2,300 �
Banese me qira ne Rrugen B,Prishtine,2,89m 2,400 �
Banese me qira ne lagjen Tophane_2+1,Prishtine,2,72m 2,350 �
Banese me qira ne lagjen Arberia_2+1,Prishtine,2,75m 2,400 �
Banese me qira ne lagjen Ulpiana,Prishtine,1,60m 2,250 �
Banese me qira ne lagjen Mati 1,Prishtine,2,90m 2,350 �
Banese me qira ne Qender,Prishtine,2,70m 2,350 �
Banese me qira ne lagjen Emshir 2+1,Prishtine,2,108m 2,420 �
Banese me qira ne lagjen Emshir 2+1,Prishtine,2,110m 2,400 �
Banese me qira ne lagjen Arberia 1+1,Prishtine,1,58m 2,270 �
Banese me qira ne Qender 2+1,Prishtine,2,80m 2,350 �
Banese me qira ne lagjen Bregu i Diellit 3+1,Prishtine,3,108m 2,400 �
Banese me qira ne lagjen Arberia 3+1,Prishtine,3,120m 2,500 �
Banese me qira ne lagjen Mati 1 1+1,Prishtine,3,111m 2,500 �
Super banese me qera ne Arberi,Prishtine,1,64m 2,280 �
Super banese me qera ne Qender,Prishtine,2,85m 2,300 �
Banese me qira ne lagjen Arberia,Prishtine,1,64m 2,300 �
Banese me qira ne lagjen Arberia 1+1,Prishtine,1,60m 2,300 �
Banese(Garsoniere) me qira ne lagjen Sllovenia e Sportit,Prishtine,1,30m 2,220 �
Banese me qira ne lagjen Ulpiane 1+1,Prishtine,1,60m 2,250 �
Banese me qira ne lagjen Dardania 1+1,Prishtine,1,45m 2,250 �
Banese me qira ne lagjen Emshir 2+1,Prishtine,2,90m 2,300 �
Banese me qira ne lagjen Ulpiane 1+1,Prishtine,1,70m 2,250 �
Banese me qira ne lagjen Bregu i Diellit 2+1,Prishtine,2,90m 2,320 �
Banese me qira ne lagjen Bregu i Diellit 2+1,Prishtine,2,90m 2,300 �
Banese(zyre) me qira ne lagjen Ulpiane 2+1,Prishtine,2,55m 2,300 �
Banese me qira(Pa mobile) ne lagjen Arberia 2+1,Prishtine,2,92m 2,1 �
Banes me Qira ne Dardani,Prishtine,1,50m 2,300 �
Banes Komode me Qira ne Lagjen e Muhaxherve,Prishtine,2,103m 2,500 �
Banes Komode me Qira ne Rrugen B te Restorant Loriano,Prishtine,1,65m 2,300 �
Banes Komode me Qira ne Mat te Frutaria,Prishtine,2,80m 2,300 �
Jap banesen me qera ne Prishtine,Prishtine,2,40m 2,170 �
jap banesen me qera,Prishtine,2,40m 2,170 �
Ofrohet me Qira Banesa Moderne 85m2 ne Breg Diellit DREAM HOME,Prishtine,3,85m 2,750 �
Banese me qira ne lagjen Arberia 1+1,Prishtine,1,66m 2,350 �
Banese me qira ne lagjen Aktash 1+1,Prishtine,1,58m 2,250 �
Banese me qira ne lagjen Arberia 2+1,Prishtine,2,94m 2,400 �
Banese me qira ne lagjen Bregu i Diellit 1+1,Prishtine,1,54m 2,230 �
Banese me qira ne lagjen Arberia 1+1,Prishtine,1,68m 2,350 �
Banese me qira ne lagjen Muhaxhereve 1+1,Prishtine,1,60m 2,300 �
Banese me qira ne lagjen Arberia 2+1,Prishtine,2,95m 2,350 �
Lokal me qira ne lagjen Arberia,Prishtine,1,115m 2,1 �
Lokal me qira ne lagjen Arberia,Prishtine,1,115m 2,1 �
Banese me qira ne lagjen Bregu i Diellit 1+1,Prishtine,1,58m 2,250 �
"Hapesire banimi me qera, magjistralja. Ferizaj-Kacanik",Ferizaj,2,50m 2,110 �
Banesa 85m2 me qira te Muharrem Fejza ROZI,Prishtine,3,85m 2,350 �
Banese me qira ne lagjen Ulpiana,Prishtine,1,50m 2,250 �
Banese me qira ne lagjen Emshir,Prishtine,2,95m 2,500 �
Banese me qira ne Lagje te Muhaxhereve_2+1,Prishtine,2,100m 2,400 �
Banese me qira ne lagjen Arberia,Prishtine,2,100m 2,250 �
Banese me qira ne lagjen Emshir,Prishtine,2,75m 2,300 �
Banese me qira ne lagjen Bregu i Diellit,Prishtine,1,65m 2,270 �
Banese me qira ne Mati 1,Prishtine,1,60m 2,300 �
Banese me qira ne lagjen Arberia_2+1,Prishtine,2,101m 2,300 �
Banese me qira ne lagjen Rruga B,Prishtine,2,88m 2,450 �
Banese me qira ne lagje te Muhaxhereve,Prishtine,2,86m 2,450 �
Banesa 55m2 me qira te Mati 1 ROZI,Prishtine,1,55m 2,250 �
Banese me qira ne Tophane,Prishtine,1,60m 2,250 �
Banes me qira ne Breg te Diellit moderne,Prishtine,1,65m 2,350 �
Super ofert banes me qira te Parku i Qytetit 190,Prishtine,1,60m 2,190 �
Super Banese 2+1,Prishtine,2,73m 2,300 �
Banese me qira ne Arberi 2+1,Prishtine,2,70m 2,230 �
Extra banes me qira ne Qender,Prishtine,1,70m 2,320 �
Banes me qira ne Dardani komode,Prishtine,1,65m 2,300 �
Banes me qira te Qafa kati i 2-te,Prishtine,2,75m 2,250 �
Banes me qira (kate shtepie) Arberi,Prishtine,1,65m 2,230 �
Banes e re me qira ne Tophane,Prishtine,2,80m 2,350 �
Banes komode me qira te Parku i Qytetit,Prishtine,1,60m 2,230 �
Banes me qira ne Breg te Diellit,Prishtine,2,70m 2,300 �
Banes me qira te 4 Llullat mobiluar,Prishtine,2,75m 2,320 �
Banes moderne me qira ne Emshir,Prishtine,2,80m 2,300 �
Banes me qira Mrapa Teatrit Kombetar-4 Lullat,Prishtine,1,60m 2,280 �
Banes me qira ne Emshir,Prishtine,2,80m 2,300 �
Banes komode me qira ne Emshir,Prishtine,1,60m 2,250 �
Banes moderne me qira ne Arberi,Prishtine,1,65m 2,240 �
Banese me qera ne Mati 1 3+1,Prishtine,3,88m 2,300 �
Banese komode me qira ne Arberi,Prishtine,1,0m 2,250 �
Banes komode me qira ne Mati 1,Prishtine,2,70m 2,270 �
Banes me qira ne Ulpiane e pershtatshme per zyre,Prishtine,2,70m 2,350 �
Banes me qira ne lagje te Muhaxhereve,Prishtine,1,60m 2,250 �
Banese komode me qira ne Ulpiane,Prishtine,1,60m 2,300 �
Banes me qira ne Ulpiane,Prishtine,1,65m 2,250 �
Banes e re me qira ne Rrugen B,Prishtine,1,65m 2,220 �
Banes me qira te 4 Llullat 1+1,Prishtine,1,60m 2,240 �
Banes me qira ne Qender,Prishtine,1,40m 2,250 �
Banes me qira ne Mati 1,Prishtine,1,65m 2,240 �
Banes me qira ne Rrugen B 2+1,Prishtine,2,75m 2,280 �
Banes me qira ne Tophane 2+1,Prishtine,2,75m 2,300 �
Banese me qira ne Breg te Diellit kompleksi Dafina,Prishtine,2,70m 2,300 �
Banes me qira ne Rrugen B banesat e Inxhinieringut,Prishtine,2,83m 2,250 �
Banes me qira ne Mati 1,Prishtine,1,67m 2,250 �
Banese me qira te Sllovenia Sporti,Prishtine,1,45m 2,230 �
Banes komode me qira ne Ulpiane,Prishtine,1,65m 2,250 �
Banes moderne me qira te Sllovenia Sporti,Prishtine,1,65m 2,250 �
Banes me qira ne Qender,Prishtine,1,65m 2,350 �
Banes me qira ne Mati 1 2+1,Prishtine,2,81m 2,250 �
Banes me qira ne Lagjen e Muhaxhereve 2+1,Prishtine,2,80m 2,350 �
Banese me qira ne lagje te Muhaxhereve,Prishtine,1,70m 2,300 �
Banese me qira ne lagjen Emshir,Prishtine,1,55m 2,350 �
Banese me qira ne lagjen Dardania,Prishtine,1,50m 2,330 �
Banese me qira ne lagjen Emshir_1+1,Prishtine,1,55m 2,350 �
Banese me qira ne lagjen Dardani,Prishtine,1,60m 2,300 �
Banese me qira ne lagjen Emshir_2+1,Prishtine,3,110m 2,420 �
Banese me qira ne lagjen Emshir,Prishtine,1,65m 2,320 �
Banese me qira ne lagjen Arberia_2+1,Prishtine,1,85m 2,380 �
Banese me qira ne lagjen e Muhaxhereve 2+1,Prishtine,2,95m 2,400 �
Banese me qira ne lagje te Spitalit_3+1,Prishtine,3,103m 2,350 �
Banese me qira ne lagjen Bregu i Diellit,Prishtine,2,75m 2,350 �
Banese me qira ne lagjen Tophane,Prishtine,1,65m 2,270 �
Banese me qira ne lagjen Mati 1_2+1,Prishtine,2,82m 2,380 �
Banese me qira ne lagjen Dardania_2+1,Prishtine,2,90m 2,350 �
Banes me qira ne lagjen Lakrishte,Prishtine,1,65m 2,300 �
Banese me qira ne Emshir,Prishtine,2,90m 2,350 �
Banese me qira ne Rrugen B_2+1,Prishtine,2,80m 2,300 �
Banese me qira ne lagjen Bregu i Diellit_3+1,Prishtine,3,110m 2,400 �
Banese me qira ne Lagjen e Spitalit,Prishtine,1,65m 2,250 �
Banese me qira ne lagjen Ulpiana,Prishtine,1,65m 2,250 �
Banese me qira ne lagje te Muhaxhereve,Prishtine,1,65m 2,250 �
Banese me qira ne lagjen Mati 1,Prishtine,2,77m 2,350 �
Banese me qira ne lagje te Spitalit_2+1,Prishtine,2,96m 2,400 �
Banese me qira ne lagjen Dardania_2+1,Prishtine,2,80m 2,500 �
Banese me qira ne lagjen Rruga B,Prishtine,1,60m 2,260 �
Banese me qira ne lagjen Bregu i Diellit,Prishtine,1,70m 2,250 �
Banese me qira ne Lagje te Spitalit,Prishtine,2,80m 2,320 �
Banese me qira ne lagjen Dardania,Prishtine,1,60m 2,250 �
Banese me qira ne lagje te Spitalit_2+1,Prishtine,2,85m 2,400 �
Banese me qira ne lagjen Ulpiana,Prishtine,1,40m 2,170 �
Banese me qira ne lagjen Emshir,Prishtine,1,55m 2,300 �
Banese me qira ne lagjen Bregu i Diellit,Prishtine,2,75m 2,200 �
Banese me qira ne lagjen Arberia,Prishtine,1,67m 2,320 �
Garsoniere me qera ne lagjen Parku i Qytetit,Prishtine,1,30m 2,220 �
Banese me qira ne lagjen e Spitalit,Prishtine,2,86m 2,400 �
Banes (zyre) me qira ne lagjen Qafa,Prishtine,1,35m 2,300 �
Banese me qira ne lagjen Dardania,Prishtine,3,98m 2,600 �
Banese me qira ne lagjen Rruga B,Prishtine,2,85m 2,370 �
Banese me qira ne lagjen Arberia,Prishtine,3,105m 2,400 �
Banese me qira ne lagjen Emshir,Prishtine,2,100m 2,430 �
Banese me qira ne lagjen Tukbashqe,Prishtine,1,67m 2,200 �
Garsoniere me qera ne lagjen Emshir,Prishtine,1,43m 2,230 �
Banese me qira ne Lagjen e Spitalit 2+1,Prishtine,2,86m 2,400 �
Banese me qira ne Qender 2+1,Prishtine,2,90m 2,400 �
Banese me qira ne lagjen Dardania 1+1,Prishtine,1,75m 2,350 �
Banese me qira ne lagjen Mati 1 3+1,Prishtine,3,118m 2,460 �
Banese me qira ne Lagjen e Spitalit 2+1,Prishtine,2,75m 2,300 �
Banese me qira ne lagjen e Muhaxhereve 2+1,Prishtine,2,76m 2,400 �
Banese me qira ne lagjen Arberia 1+1,Prishtine,1,60m 2,270 �
Banese me qira ne lagjen Arberia 2+1,Prishtine,2,86m 2,450 �
Banese me qira ne lagjen Tophane 2+1,Prishtine,2,80m 2,300 �
Banese me qira ne lagjen Bregu i Diellit,Prishtine,2,89m 2,500 �
Banese me qira ne lagjen Arberia_2+1,Prishtine,2,92m 2,500 �
Banese me qira ne lagjen Arberia,Prishtine,2,90m 2,450 �
Banese me qira ne lagjen Mati 1 3+1,Prishtine,3,110m 2,450 �
Banese me qira ne lagjen Ulpiane 2+1,Prishtine,2,65m 2,400 �
Banese me qira ne lagjen Arberia 1+1,Prishtine,1,57m 2,300 �
Banes� me qira n� lagjen Arberia 2+1,Prishtine,2,87m 2,450 �
Banese me qira ne lagjen Ulpiane 2+1,Prishtine,2,70m 2,250 �
Banese me qira ne lagjen Ulpiane 1+1,Prishtine,1,50m 2,260 �
Banese me qira ne lagjen Emshir 2+1,Prishtine,2,70m 2,300 �
Banese me qira ne lagjen Aktash,Prishtine,1,60m 2,350 �
Banese me qira ne lagjen Bregu i Diellit,Prishtine,2,80m 2,500 �
Banese me qira ne Rrugen C_2+1,Prishtine,2,85m 2,650 �
Banese me qira ne lagjen Aktash_3+1,Prishtine,3,120m 2,500 �
Banese me qira ne lagjen Arberia,Prishtine,1,60m 2,250 �
Banese me qira te Qafa_2+1,Prishtine,2,90m 2,320 �
Banese me qira ne lagjen Arberia,Prishtine,1,58m 2,290 �
Banese me qira ne Mati 1_2+1,Prishtine,2,95m 2,550 �
Banese me qira ne lagjen Dardania,Prishtine,1,40m 2,250 �
Banese me qira ne lagjen Tophane_3+1,Prishtine,3,100m 2,500 �
Banese me qira ne lagjen Tophane,Prishtine,2,84m 2,500 �
Banese me qira ne lagjen Rruga B_2+1,Prishtine,2,65m 2,300 �
Banese me qira ne lagjen Ulpiana,Prishtine,1,60m 2,250 �
Banese me qira ne lagjen Arberia_2+1,Prishtine,2,75m 2,330 �
Banese me qira te Rruga B_2+1,Prishtine,2,93m 2,400 �
Banese me qira ne lagjen Bregu i Diellit_2+1,Prishtine,2,90m 2,400 �
Banese me qira ne Ulpiane,Prishtine,1,70m 2,250 �
Banese me qira ne lagjen Arberia,Prishtine,1,55m 2,280 �
Banese me qira ne lagjen Sllovenia Sporti,Prishtine,1,55m 2,250 �
Banese me qira ne Qender,Prishtine,1,65m 2,350 �
Banese me qira ne lagjen Arberia_3+1,Prishtine,3,140m 2,"1,000 �"
Banese me qira ne lagjen Arberia_2+1,Prishtine,2,89m 2,500 �
Banese me qira ne lagjen Arberia_2+1,Prishtine,2,90m 2,350 �
Banese me qira ne lagjen Dardania,Prishtine,2,72m 2,280 �
Banese me qira ne lagjen Arberia_2+1,Prishtine,2,90m 2,750 �
Banese me qira ne lagjen Arberia,Prishtine,1,65m 2,280 �
Banese me qira ne Rrugen C_2+1,Prishtine,2,85m 2,360 �
Banese me qira ne lagjen Pejton_2+1,Prishtine,2,86m 2,600 �
Banese me qira ne Rrugen B_2+1,Prishtine,2,91m 2,500 �
Banese me qira ne lagjen Tophane,Prishtine,1,60m 2,300 �
Banese me qira ne Lagje te Spitalit,Prishtine,1,65m 2,300 �
Banese me qira ne lagjen Ulpiana,Prishtine,1,50m 2,200 �
Banese me qira ne lagjen Ulpiana_2+1,Prishtine,2,96m 2,400 �
Banese me qira ne Rrugen B,Prishtine,2,75m 2,350 �
Banese me qira ne lagjen Arberia,Prishtine,1,58m 2,350 �
Banese me qira ne Lagjen e Spitalit_2+1,Prishtine,2,80m 2,400 �
Banese me qira ne lagjen Mati 1,Prishtine,1,50m 2,200 �
Banese me qira ne lagjen Mati 1_2+1,Prishtine,2,100m 2,300 �
Banese (zyre) me qira ne Arberi,Prishtine,2,114m 2,400 �
Banese me qira ne lagjen Dardania,Prishtine,2,78m 2,350 �
Banese me qira te Rruga B,Prishtine,1,50m 2,250 �
Banese me qira ne Rrugen B_2+1,Prishtine,2,83m 2,350 �
Banese me qira ne Rrugen C_2+1,Prishtine,2,83m 2,400 �
Banese me qira ne Lagje te Spitalit_2+1,Prishtine,2,80m 2,400 �
Banese me qira ne lagjen Ulpiana,Prishtine,1,70m 2,350 �
Banese me qira ne lagjen Arberi,Prishtine,1,55m 2,250 �
Banese me qira ne lagjen Mati 1_2+1,Prishtine,2,100m 2,300 �
Banese me qira ne lagjen Bregu i Diellit,Prishtine,1,70m 2,350 �
Banese me qira ne lagjen Ulpiana_2+1,Prishtine,2,70m 2,390 �
Banese me qira ne lagjen 4 Llullat(Vellusha) 2+1,Prishtine,2,87m 2,350 �
Banese me qira ne lagjen Bregu i Diellit_1+1,Prishtine,1,66m 2,350 �
2 Banesa me qira ne Mati 1_2+1,Prishtine,2,77m 2,350 �
Banese me qira ne Dardani _2+1,Prishtine,2,85m 2,480 �
Banese me qira ne lagje te Muhaxhereve_2+1,Prishtine,2,85m 2,500 �
Banese me qira ne lagjen Bregu i Diellit_2+1,Prishtine,2,90m 2,500 �
Banese me qera ne Arberi2+1,Prishtine,2,0m 2,400 �
Banese me qera ne Arberi2+1,Prishtine,2,90m 2,759 �
Banese me qira ne lagjen Arberi_2+1,Prishtine,2,90m 2,420 �
Banese me qira ne lagjen Spitalit_2+1,Prishtine,2,83m 2,400 �
Banese me qira ne Lagje te Spitalit,Prishtine,1,70m 2,300 �
Banese me qira ne Lagjen e Spitalit_2+1,Prishtine,2,87m 2,250 �
Banese me qira ne lagjen Rruga C_2+1,Prishtine,2,83m 2,400 �
Banese me qira (zyre) ne lagjen Arberia,Prishtine,4,124m 2,500 �
Banese me qira ne lagjen Dardani_2+1,Prishtine,2,75m 2,320 �
Banese me qira ne lagjen Lakrishte,Prishtine,1,68m 2,600 �
Banese me qira ne lagjen e Spitalit_2+1,Prishtine,2,75m 2,350 �
Banese me qira ne lagjen Bregu i Diellit,Prishtine,1,65m 2,250 �
Banese me qira ne lagjen Mati 1,Prishtine,1,65m 2,300 �
Banese me qira ne Lagje te Spitalit,Prishtine,1,65m 2,300 �
Banese me qira ne lagjen Dardania_1+1,Prishtine,1,49m 2,300 �
Banese me qira ne lagjen Mati 1_1+1,Prishtine,1,55m 2,230 �
Banese me qira ne Lagjen Pejton,Prishtine,1,45m 2,250 �
Banese me qira ne Lagje te Spitalit_2+1,Prishtine,2,90m 2,400 �
Banese (zyre) me qira ne lagjen Ulpiana,Prishtine,3,78m 2,350 �
Banese me qira ne Lagje te Spitalit_1+1,Prishtine,1,65m 2,300 �
Banese me qira ne lagjen Dardania,Prishtine,1,40m 2,270 �
Banese me qira ne Lagje te Spitalit_2+1,Prishtine,2,82m 2,350 �
Banese me qira ne lagjen Bregu i Diellit,Prishtine,2,97m 2,550 �
Banese me qira ne lagjen Tophane,Prishtine,1,40m 2,200 �
Banese me qira ne Lagje te Spitalit_1+1,Prishtine,1,60m 2,300 �
Banese (Gasoniere)me qira ne lagjen Bregu i Diellit,Prishtine,1,25m 2,150 �
Banese me qira ne Qender 1+1,Prishtine,1,60m 2,250 �
Banese me qira ne lagjen Arberia 2+1,Prishtine,2,94m 2,450 �
Banese me qira ne lagjen Arberia 2+1,Prishtine,2,85m 2,400 �
Banese me qira ne lagjen Arberia 2+1,Peje,2,95m 2,450 �
Banese me qira ne lagjen Arberia 3+1,Prishtine,3,115m 2,450 �
Banese me qira ne lagjen Bregu i Diellit 2+1,Prishtine,2,110m 2,390 �
Banese (gasonire)me qira ne lagjen e Spitalit 2+1,Prishtine,1,33m 2,250 �
Banese me qira ne lagjen Qender 1+1,Prishtine,1,75m 2,280 �
Banese(Zyre )me qira ne lagjen Rruga C 3+1,Prishtine,3,137m 2,600 �
Banese me qira ne lagjen Arberia 1+1,Prishtine,1,70m 2,330 �
Banese me qira ne lagjen Mati 1+1,Prishtine,1,70m 2,250 �
Banese me qira ne lagjen Tophane1+1,Prishtine,1,60m 2,300 �
Banese me qira ne lagjen e Spitalit 3+1,Prishtine,3,100m 2,350 �
Banese me qira ne lagjen Tophane 3+1,Prishtine,3,105m 2,400 �
Banese me qira ne lagjen Mati 1 3+1,Prishtine,3,100m 2,460 �
Banese me qira ne lagjen Arberia 1+1,Prishtine,1,70m 2,350 �
Banese me qira ne lagjen Arberia 2+1,Prishtine,2,95m 2,350 �
Banese me qira ne lagjen Lakrishte 1+1,Prishtine,1,65m 2,600 �
Banese me qira ne lagjen 4 Llullat 2+1,Prishtine,2,95m 2,450 �
Banese me qira ne lagjen Rrugen B 2+1,Prishtine,2,90m 2,350 �
Banese me qira te Xhamia e Llapit 1+1,Prishtine,1,72m 2,150 �
Banese me qira ne lagjen Bregu i Diellit 2+1,Prishtine,2,80m 2,300 �
Banese me qira ne lagjen Arberi 2+1,Prishtine,2,95m 2,500 �
Banese me qira ne lagjen Ulpiane 1+1,Prishtine,1,55m 2,200 �
Banes me qira ne Emshir _2+1,Prishtine,2,92m 2,350 �
Banese me qira ne lagjen Arberia 1+1,Prishtine,1,60m 2,300 �
Banes me qira te Sllovenia Sporti 2+1,Prishtine,2,75m 2,300 �
Banese me qira ne lagjen Ulpiane1+1,Prishtine,1,70m 2,330 �
Banese me qira ne Emshir_ 2+1,Prishtine,2,84m 2,500 �
Banese me qira ne lagjen Emshir 2+1,Prishtine,2,85m 2,450 �
Banese me qira ne Qender 2+1,Prishtine,2,85m 2,500 �
Banese luksoze me qira ne lagjen Pejton 2+1,Prishtine,2,138m 2,700 �
Banese me qira ne lagjen Bregu i Diellit 2+1,Prishtine,2,96m 2,350 �
Banese me qira ne lagjen Dardani 1+1,Prishtine,1,55m 2,300 �
Banese me qira ne lagjen Rruga B 1+1,Prishtine,1,55m 2,350 �
Banese me qira ne lagjen Bregu i Diellit 2+1,Prishtine,2,85m 2,350 �
Banese me qira ne lagjen Emshir 2+1,Prishtine,2,120m 2,430 �
Banese me qira ne lagjen Mati 2+1,Prishtine,2,83m 2,350 �
Banese me qira ne lagjen Mati 1+1,Prishtine,1,70m 2,250 �
Banese me qira ne lagjen Bregu i Diellit 2+1,Prishtine,2,95m 2,390 �
Banese me qira ne lagjen Qender 1+1,Prishtine,1,40m 2,230 �
Banese me qira ne lagjen Lagje e Spitalit 1+1,Prishtine,1,67m 2,320 �
Banese me qira ne lagjen Mati 1 1+1,Prishtine,2,51m 2,200 �
Banese me qira ne lagjen Bregu i Diellit 1+1,Prishtine,1,70m 2,250 �
Banese me qira ne lagjen Tophane 2+1,Prishtine,2,85m 2,400 �
Banesa - Zyre 82m2 me qira prane Rruga B ROZI,Prishtine,2,82m 2,350 �
Jep banes me qira,Fushe Kosove,2,90m 2,160 �
URGJENT KERKOJ BANESE ME QIA PER 1 QIFT NE FUSHE KOSOVE,Fushe Kosove,2,65m 2,220 �
Banese me qira ne lagjen Mati 1,Prishtine,2,85m 2,250 �
Banese me qira ne Lagjen e Spitalit 2+1,Prishtine,2,90m 2,300 �
Banes me qira ne Qender - sheshi Zahir Pajaziti,Prishtine,1,65m 2,280 �
Ofrohet banese me qira ne Bregun e Diellit,Prishtine,2,80m 2,300 �
Leshohet banese me qira ne Bregun e Diellit,Prishtine,1,55m 2,200 �
Banese me qira ne Bregun e Diellit,Prishtine,1,55m 2,250 �
Banese me qira ne lagjen Arberia,Prishtine,1,60m 2,250 �
Banese e re me qira ne Bregun e Diellit,Prishtine,1,60m 2,250 �
Banese me qira ne Qender 2+1,Prishtine,2,75m 2,300 �
Banese me qira ne lagjen Bregu i Diellit,Prishtine,1,65m 2,200 �
Super banese me qira te Qafa,Prishtine,2,86m 2,380 �
Banese ( Zyre ) me qira ne Qender,Prishtine,1,50m 2,400 �
Banese me qira ne Lagjen e Spitalit 1+1,Prishtine,1,50m 2,200 �
Leshohet banese me qira ne Lagjen e Spitalit,Prishtine,1,67m 2,240 �
Super banese me qira te Rruga B,Prishtine,1,56m 2,250 �
Ekstra banese me qira ne Rrugen C,Prishtine,3,125m 2,350 �
Banese me qira te Rruga B,Prishtine,2,78m 2,300 �
Banese me qira ne lagjen Ulpiana,Prishtine,2,63m 2,250 �
Leshohet banese me qira ne Bregun e Diellit,Prishtine,2,80m 2,300 �
Banes me qira ne Rrugen B kompleksi Royal,Prishtine,1,50m 2,250 �
Banes me qira ne Tokbashqe 2+1,Prishtine,2,85m 2,230 �
Banes komode me qira ne Emshir,Prishtine,1,45m 2,220 �
Oferte Banes me qira ne ARBERI,Prishtine,1,65m 2,200 �
Banes komode me qira ne Ulpiane,Prishtine,1,65m 2,250 �
Banes me qira ne lagjen Tophane 2+1,Prishtine,2,80m 2,400 �
Banes me qira ne Rrugen B,Prishtine,2,80m 2,200 �
Banes me qira ne Lakrisht 2+1,Prishtine,1,65m 2,300 �
Banese komode me qira ne Breg te Diellit,Prishtine,1,70m 2,220 �
Banes me qira ne Dardani 2+1,Prishtine,2,100m 2,270 �
Banes me qira te Sllovenia Sporti 2+1,Prishtine,2,87m 2,350 �
Banes komode me qira ne Breg te Diellit,Prishtine,2,87m 2,200 �
Banes me qira ne Emshir ndertim i ri,Prishtine,1,66m 2,250 �
Banes me qira ne Qender te Prishtines,Prishtine,1,68m 2,300 �
Banes me qira ne Qender 2+1,Prishtine,2,80m 2,400 �
Banes komode me qira ne TOPHANE,Prishtine,1,60m 2,220 �
Banes me qira te gjimnazi Sami Frasheri,Prishtine,1,54m 2,200 �
Banes me qira ne Lagje te Spitalit 2+1,Prishtine,2,90m 2,300 �
Banes komode me qira te Sllovenia Sporti,Prishtine,1,65m 2,450 �
Banese (zyre) me qira ne Pejton,Prishtine,1,45m 2,300 �
Banes me qira ne Breg te Diellit 2+1,Prishtine,2,92m 2,330 �
Banes me qira ne Qender,Prishtine,1,50m 2,300 �
Banes komode me qira ne Dardani,Prishtine,1,55m 2,250 �
Banes komode me qira ne Arberi,Prishtine,1,60m 2,230 �
Banes me qira ne Lagje te Spitalit,Prishtine,1,70m 2,220 �
Banes me qira te 4 Llullat kati i pare,Prishtine,1,60m 2,240 �
Banes me qira ne lagjen Emshir 2+1,Prishtine,2,75m 2,300 �
Banese me qira ne Breg te Diellit 2+1,Prishtine,2,75m 2,260 �
Banes me qira ne Breg te Diellit 2+1,Prishtine,2,76m 2,250 �
Banes me qira ne Lagje te Spitalit- kompleksi Luledielli,Prishtine,2,75m 2,220 �
Banes me qira ne Emshir 3+1,Prishtine,3,95m 2,300 �
Banes me qira ne Mati 1 2+1,Prishtine,2,75m 2,250 �
Banes me qira ne Lakrishte 2+1,Prishtine,2,105m 2,320 �
Banes ekskluzive me qira ne Tophane,Prishtine,1,65m 2,250 �
Banes me qira ne Ulpiane 2+1,Prishtine,2,75m 2,300 �
Banes me qira te Sllovenia Sporti 2+1,Prishtine,2,75m 2,300 �
Banese komode me qira ne Ulpiane,Prishtine,1,65m 2,300 �
Banes me qira ne Lagje te Spitalit 2+1,Prishtine,2,75m 2,350 �
Banes me qira ne Lagje te Spitalit - Royall,Prishtine,3,100m 2,390 �
Banes me qira ne Lagje te Spitalit,Prishtine,1,60m 2,200 �
Banes komode me qira ne Ulpiane,Prishtine,1,45m 2,220 �
Banes me qira ne Emshir 2+1,Prishtine,2,100m 2,300 �
Banes komode me qira ne Mati 1,Prishtine,1,55m 2,200 �
Banese moderne me qira ne Arberi,Prishtine,2,84m 2,450 �
Banes me qira ne Mati 1 2+1,Prishtine,2,76m 2,250 �
Banes me qira ne Mati 1,Prishtine,1,70m 2,300 �
Banes moderne me qira ne Arberi,Prishtine,1,65m 2,250 �
Banes moderne me qira ne Breg te Diellit,Prishtine,2,88m 2,450 �
Banes komode me qira ne Arberi,Prishtine,1,65m 2,300 �
Banes me qira ne Qender,Prishtine,1,65m 2,250 �
Banese moderne me qira ne Emshir,Prishtine,1,60m 2,250 �
Banes me qira te Parku i Qytetit 2+1,Prishtine,2,75m 2,280 �
Banese moderne me qira ne Arberi,Prishtine,1,65m 2,350 �
Banes moderne me qira ne Arberi,Prishtine,1,70m 2,280 �
Banes komode me qira ne Tophane,Prishtine,1,65m 2,220 �
Banes me qira ne Tophane 2+1,Prishtine,2,75m 2,320 �
Super banes me qira te Qafa,Prishtine,1,65m 2,300 �
Banes me qira ne Lagje te Spitalit,Prishtine,2,86m 2,400 �
Leshohet banese me qira ne lagjen Bregu i diellit,Prishtine,2,90m 2,270 �
Super banese me qira te Rruga B,Prishtine,1,60m 2,330 �
Banese moderne me qira ne Rrugen B,Prishtine,1,60m 2,330 �
Banese e re me qira ne lagjen Arberia,Prishtine,2,94m 2,350 �
Banese me qira ne lagjen Lakrishte,Prishtine,3,160m 2,800 �
Banese me qira ne lagjen Mati 1,Prishtine,1,61m 2,250 �
Ipet banese e re me qira ne lagjen Bregu i diellit,Prishtine,2,100m 2,250 �
Banese ( garsoniere ) me qira ne lagjen Ulpiana,Prishtine,1,40m 2,200 �
Leshohet banese me qira ne lagjen Pejton,Prishtine,2,110m 2,330 �
Leshohet banese moderne me qira ne lagjen Arberia,Prishtine,1,58m 2,300 �
Banese e re me qira ne Arberi,Prishtine,1,65m 2,300 �
Ipet banese me qira ne Qender,Prishtine,2,76m 2,280 �
Banese me qira ne lagjen Bregu i diellit,Prishtine,1,65m 2,220 �
Leshohet banese me qira ne lagjen Ulpiana,Prishtine,1,37m 2,220 �
Banese (garsoniere) me qira ne lagjen Dardania,Prishtine,1,45m 2,220 �
Banese luksoze me qira ne lagjen Arberia,Prishtine,3,135m 2,"1,300 �"
Leshohet banese me qira ne lagjen Bregu i diellit,Prishtine,2,75m 2,270 �
Shitet banese luksoze ne lagjen Arberia,Prishtine,3,135m 2,"199,000 �"
Leshohet banese me qira ne Lagjen e Muhaxherve,Prishtine,2,80m 2,210 �
Banese ( Garsoniere ) me qira ne lagjen Lakrishte,Prishtine,1,40m 2,200 �
Leshohet banesa me qira ne lagjen Emshir,Prishtine,1,61m 2,240 �
Leshohet banese me qira te 4 Llullat,Prishtine,2,65m 2,250 �
Leshohet banese me qira ne lagjen Ulpiana,Prishtine,1,60m 2,250 �
Banese komode ne lagjen Sllovenia Sporti,Prishtine,1,55m 2,230 �
Banese me qira ne Qender 2+1,Prishtine,2,90m 2,250 �
Leshohet banese me qira ne Aktash,Prishtine,2,90m 2,300 �
Leshohet banese me qira ne Qender,Prishtine,1,47m 2,200 �
Banese me qira ne Lagjen e Muhagjerve,Prishtine,1,60m 2,250 �
Banese me qira ne lagjen Ulpiana,Prishtine,1,60m 2,220 �
Leshohet banese me qira ne Arberi,Prishtine,1,60m 2,250 �
Banese me qira te Sllovenia Sporti,Prishtine,1,65m 2,250 �
Banese ( Garsoniere ) me qira ne Emshir,Prishtine,1,37m 2,200 �
Banese me qira ne Aktash 2+1,Prishtine,2,70m 2,300 �
Super banese me qira te Mati 1,Prishtine,1,65m 2,200 �
Banese me qira ne lagjen Ulpiana,Prishtine,1,45m 2,230 �
Ipet banese me qira ne Lagjen Dardania,Prishtine,2,120m 2,330 �
Leshohet banese me qira ne Bregun e Diellit,Prishtine,2,70m 2,300 �
Ekstra banese me qira ne Lakrishte,Prishtine,2,84m 2,500 �
Banese me qira ne Lakrishte 2+1,Prishtine,2,97m 2,200 �
Banese me qira ne Rrugen C,Prishtine,1,60m 2,200 �
Banese me qira ne lagjen Dardania,Prishtine,2,70m 2,300 �
Leshohet banese me qira te Parku i Qytetit,Prishtine,2,85m 2,250 �
Banese ( Garsoniere ) me qira ne Dardani,Prishtine,1,40m 2,220 �
Leshohet banese me qira ne Bregun e Dielit,Prishtine,2,89m 2,300 �
Banese me qira ne lagjen Arberia,Prishtine,1,60m 2,240 �
Banese me qira te 4 Llullat 2+1,Prishtine,2,65m 2,250 �
Banese me qira ne lagjen Dardania,Prishtine,2,70m 2,300 �
Super banes me qira,Prishtine,2,75m 2,250 �
Banes komode me qira ne Breg te Diellit,Prishtine,1,65m 2,250 �
Super banes me qira ne Arberi,Prishtine,1,63m 2,"1,050 �"
Banes me qira ne Tophane,Prishtine,1,67m 2,300 �
Banes me qira ne Dardani 2+1,Prishtine,2,90m 2,300 �
Banes me qira ne Mati 1 2+1,Prishtine,2,80m 2,250 �
Banes me qira ne Qender 2+1 - kompleksi Avalla,Prishtine,2,75m 2,350 �
Super banes me qira ne Lagje te Muhaxhereve,Prishtine,3,120m 2,800 �
Banes komode me qira ne Breg te Diellit,Prishtine,1,45m 2,200 �
Banes me qira te Qafa 2+1,Prishtine,2,80m 2,350 �
Banes me qira ne Breg te Diellit 2+1,Prishtine,2,80m 2,250 �
Super banes me qira ne Qender,Prishtine,2,90m 2,400 �
Banes Exkluzive me qira,Prishtine,2,160m 2,600 �
Banes (penthause) me qira,Prishtine,2,100m 2,300 �
Banes komode me qira ne Arberi,Prishtine,1,65m 2,250 �
Banes moderne me qira ne Breg te Diellit,Prishtine,1,70m 2,250 �
Shitet banese ne Lagje te Spitalit 2+1,Prishtine,2,70m 2,"58,000 �"
Banes me qira ne Pejton 2+1,Prishtine,2,75m 2,300 �
Banes moderne me qira ne Lagje te Spitalit,Prishtine,2,75m 2,300 �
Banes moderne me qira ne Arberi,Prishtine,2,103m 2,300 �
Banese moderne me qira ne Lakrishte,Prishtine,2,80m 2,320 �
Super banes me qira ne Emshir,Prishtine,2,82m 2,350 �
Super Ofere Banes me qira 1+1 _200,Prishtine,1,50m 2,200 �
Banese komode me qira ne Emshir,Prishtine,1,50m 2,220 �
Banes me qira te Sllovenia Sporti,Prishtine,1,65m 2,260 �
Banes me qira ne FusheKosove e pa banuar me pare,Fushe Kosove,1,60m 2,250 �
Banes me qira ne Lagje te Spitalit 2+1,Prishtine,2,75m 2,250 �
Banes komode me qira ne Lagje te Spitalit,Prishtine,1,65m 2,250 �
Banes me qira ne Lakrishte 2+1,Prishtine,2,75m 2,280 �
Banes moderne me qira ne Tophane,Prishtine,2,75m 2,300 �
Banes me qira ne Ulpiane,Prishtine,1,60m 2,300 �
Banes komode me qira ne Lagje te Spitalit,Prishtine,1,68m 2,250 �
Banes me qira te Parku i Qytetit 2+1,Prishtine,2,98m 2,250 �
Banes komode me qira ne Breg te Diellit,Prishtine,1,65m 2,250 �
Banes me qira te Parku i Qytetit 2+1,Prishtine,2,90m 2,300 �
Banes me qira ne lagjen Dodona 2+1,Prishtine,2,70m 2,300 �
Banes me qira te Qafa- kafet e vogla,Prishtine,2,90m 2,250 �
Banes me qira ne Lakrishte 2+1 (105m2),Prishtine,2,105m 2,320 �
Banes ekskluzive me qira ne Pejton,Prishtine,2,95m 2,700 �
Banese moderne me qira ne Mati 1,Prishtine,2,75m 2,300 �
Banes me qira ne Ulpiane,Prishtine,1,50m 2,240 �
Banes ( zyre) me qira ne Mati 1,Prishtine,1,55m 2,220 �
Banese komode me qira ne Dardani,Prishtine,1,50m 2,250 �
Banes me qira ne Lakrishte 2+1,Prishtine,2,85m 2,300 �
Banes me qira ne Ulpiane,Prishtine,1,50m 2,250 �
Banes me qira mobiluar te Sllovenia Sport,Prishtine,1,65m 2,200 �
Banes me qira te 4 Llullat,Prishtine,1,45m 2,200 �
Banese me qira ne lagjen Lakrishte,Prishtine,1,60m 2,250 �
Leshohet banese me qira te Qafa,Prishtine,1,50m 2,300 �
Banese moderne me qira ne lagjen Arberia,Prishtine,1,70m 2,320 �
Banese me qira ne lagjen Emshir,Prishtine,2,75m 2,300 �
Leshohet banese me qira ne lagjen Dardania,Prishtine,1,40m 2,200 �
Leshohet banese me qira ne lagjen Ulpiana,Prishtine,1,40m 2,250 �
Banese me qira ne Lakrishte 2+1,Prishtine,2,80m 2,350 �
Banese e re me qira ne lagjen Emshir,Prishtine,2,100m 2,500 �
Banese me qira ne lagjen Lakrishte,Prishtine,2,65m 2,350 �
Banese moderne me qira ne lagjen Arberia,Prishtine,1,55m 2,350 �
Banese me qira ne lagjen Lakrishte,Prishtine,2,105m 2,400 �
Ipet banese me qira ne lagjen Tophane,Prishtine,1,60m 2,250 �
Ipet banese me qira ne Qender,Prishtine,2,75m 2,330 �
Leshohet banese me qira ne lagjen Arberia,Prishtine,1,56m 2,280 �
Leshohet banese me qira te Qafa,Prishtine,2,88m 2,300 �
Leshohet banese me qira ne lagjen Mati 1,Prishtine,2,84m 2,280 �
Leshohet banese me qira ne lagjen Dardania,Prishtine,1,70m 2,250 �
Banese me qira ne lagjen Arberia_1+1,Prishtine,1,65m 2,250 �
Banese me qira te Sllovenia Sporti,Prishtine,1,50m 2,220 �
Leshohet banese me qira te Rruga B,Prishtine,2,89m 2,400 �
"Banese me qira ne Rruge B, e pamobiluar",Prishtine,1,45m 2,250 �
Banese me qira ne lagjen Dardania,Prishtine,1,42m 2,170 �
Leshohet banese me qira ne lagjen Ulpiana,Prishtine,1,40m 2,250 �
Banese me qira te 4 Llullat 2+1,Prishtine,2,78m 2,300 �
Banese moderne me qira ne lagjen Lakrishte,Prishtine,2,89m 2,400 �
Banese ( garsoniere) me qira ne Bregun i diellit,Prishtine,1,40m 2,180 �
Banese ekskluzive me qira ne lagjen Pejton,Prishtine,2,100m 2,600 �
Banese me qira ne Emshir,Prishtine,2,80m 2,300 �
Banese ( Zyre ) me qira ne Ulpiane,Prishtine,3,60m 2,400 �
Super banese me qira ne Ulpiane,Prishtine,2,85m 2,500 �
Ofrohet banese me qira ne Dardani,Prishtine,1,70m 2,250 �
Leshohet banese me qira ne Emshir,Prishtine,2,80m 2,300 �
Ofrohet banese me qira ne Lakrishte,Prishtine,1,70m 2,250 �
Banese me qira ne Qender,Prishtine,1,0m 2,260 �
Banese me qira ne Rrugen B 3+1,Prishtine,3,0m 2,350 �
Leshohet banese me qira te 4 Llullat,Prishtine,3,100m 2,350 �
Leshohet banese me qira ne Aktash,Prishtine,2,90m 2,300 �
Super banese me qira ne Emshir,Prishtine,2,105m 2,330 �
Banese me qira ne Ulpiane,Prishtine,1,45m 2,200 �
Ofrohet banese me qira te Rruga B 2+1,Prishtine,2,80m 2,250 �
Banese e re me qira ne Lagje te Spitalit,Prishtine,1,60m 2,250 �
Ekstra banese me qira ne Lakrishte,Prishtine,2,85m 2,600 �
Banese me qira ne Emshir,Prishtine,1,58m 2,220 �
Banese me qira ne Lagjen e Spitalit 2+1,Prishtine,2,95m 2,210 �
Leshohet banese me qira ne Dardani,Prishtine,1,60m 2,220 �
Banese me qira ne Lagjen e Muhagjerve,Prishtine,2,60m 2,250 �
Super banese me qira ne Tophane,Prishtine,2,75m 2,250 �
Banes me qira ne Lagje te Spitalit,Prishtine,2,65m 2,250 �
Banese me qira ne lagjen Arberia,Prishtine,1,65m 2,280 �
Super Banese me Qira ne Arberi,Prishtine,2,90m 2,400 �
Ofrohet banese me qira ne lagjen Arberia,Prishtine,1,65m 2,330 �
Super banese me qira ne Arberi 3+1,Prishtine,3,130m 2,500 �
Super banese me qira ne Arberi 2+1,Prishtine,2,96m 2,350 �
Banese me qira ne Lagjen e Muhagjerve,Prishtine,1,43m 2,200 �
Ofrohet banese me qira ne Qender 2+1,Prishtine,2,80m 2,280 �
Banese me qira ne lagjen Dardania,Prishtine,2,70m 2,300 �
Banes me qira ne Lakrishte 2+1,Prishtine,2,80m 2,270 �
Banes me qira 2+1,Prishtine,2,77m 2,220 �
Banes me qira ne Breg te Diellit Kompleksi Famis,Prishtine,2,75m 2,300 �
Banes me qira ne Qender-Grandi,Prishtine,1,55m 2,350 �
Banes me qira ne Ulpiane 2+1,Prishtine,2,70m 2,320 �
Banes komode ne Tophane,Prishtine,1,65m 2,230 �
Banes komode me qira te Sllovenia Sporti,Prishtine,1,65m 2,250 �
Banes me qira te Qafa,Prishtine,1,65m 2,250 �
Super banes me qira ne Arberi,Prishtine,3,110m 2,400 �
Banes me qira ne Emshir 2+1,Prishtine,2,86m 2,250 �
Super banes me qira,Prishtine,2,80m 2,500 �
Banes komode me qira,Prishtine,1,65m 2,230 �
Banese moderne me qira ne Tophane,Prishtine,2,75m 2,300 �
Banes me qira ne Arberi - Komuna e Re,Prishtine,1,65m 2,250 �
SUPER Banese me qera Royal_Termokos,Prishtine,1,65m 2,280 �
Super Banes me qira ne Fushe Kosove,Prishtine,2,104m 2,550 �
Banes me qira ne Qender 2+1,Prishtine,2,80m 2,350 �
Banes me qira ne Breg te Diellit,Prishtine,2,90m 2,200 �
Banes me qira ne Lakrishte 2+1,Prishtine,2,75m 2,300 �
Banes komode me qira ne Emshir,Prishtine,1,65m 2,300 �
Banes me qira te Shkolla Sami Frasheri,Prishtine,2,85m 2,380 �
Banes komode me qira ne Mati 1,Prishtine,1,45m 2,200 �
Super banes me qira ne Breg te Diellit,Prishtine,2,120m 2,500 �
Banese me qira ne Qender afer shkolles Elena Gjika,Prishtine,3,100m 2,300 �
Banes me qira ne Qender 2+1,Prishtine,2,75m 2,250 �
Banes komode me qira ne Arberi,Prishtine,1,65m 2,300 �
Banes me qira ne Lagje te Muhaxhereve- Hotel Afa,Prishtine,2,80m 2,300 �
Banese me qira te Sllovenia Sporti_Hotel Sirius,Prishtine,2,70m 2,350 �
Banes komode me qira ne lagjen Dardania,Prishtine,1,65m 2,250 �
Super Banes me qira kompleksi Tregtia,Prishtine,1,65m 2,250 �
Banes moderne me qira ne Emshir,Prishtine,1,50m 2,230 �
Banes moderne me qira ne Lakrishte,Prishtine,2,85m 2,320 �
Banes me qira te Qafa 2+1,Prishtine,2,76m 2,280 �
Banes komode me qira ne Breg te Diellit- Fakulteti Teknik,Prishtine,1,65m 2,300 �
Super banes me qira ne Breg te Diellit,Prishtine,2,75m 2,350 �
Banes me qira te Sllovenia Sporti 2+1,Prishtine,2,70m 2,350 �
Banes moderne me qira ne Arberi,Prishtine,2,80m 2,400 �
Banes me qira ne Mati 1 2+1,Prishtine,2,75m 2,350 �
Banes me qira ne Tasligje,Prishtine,2,70m 2,200 �
Banes me qira ne Dardani 2+1,Prishtine,2,75m 2,250 �
Banes me qira ne Breg te Diellit 2+1,Prishtine,2,90m 2,350 �
Banes me qira ne Breg te Diellit te Furra Qerimi,Prishtine,2,100m 2,300 �
Banes komode me qira ne Breg te Diellit,Prishtine,1,45m 2,200 �
Extra banes me qira ne Arberi me garazh,Prishtine,1,65m 2,350 �
Banes me qira ne Ulpiane,Prishtine,1,65m 2,300 �
Banes me qira ne Tokbashqe,Prishtine,1,67m 2,230 �
Banes me qira ne Tophane ndertim i ri,Prishtine,1,60m 2,250 �
Banes me qira ne Ulpiane per zyre,Prishtine,2,65m 2,300 �
Banes me qira ne Lagje te Muhaxhereve,Prishtine,1,40m 2,200 �
Banes me qira ne Breg te Diellit kompleski Dafina,Prishtine,1,45m 2,250 �
Leshohet banese me qira te Qafa,Prishtine,2,80m 2,400 �
Leshohet banese ( garsoniere ) me qira ne Qender,Prishtine,1,35m 2,200 �
Super banese me qira ne lagjen Arberia,Prishtine,3,116m 2,600 �
Ipet banese me qira ne lagjen Ulpiana,Prishtine,2,65m 2,350 �
Banese me qira ne lagjen Emshir,Prishtine,2,82m 2,300 �
Leshohet banese me qira te Qafa,Prishtine,2,80m 2,300 �
Banese e re me qira ne Breg te Diellit,Prishtine,1,65m 2,280 �
Super banese me qira ne lagjen Bregu i diellit,Prishtine,3,106m 2,300 �
Ekstra banese me qira ne lagjen Pejton,Prishtine,2,80m 2,350 �
Leshohet banese me qira ne rrugen B,Prishtine,1,60m 2,230 �
Banese luksoze me qira ne lagjen Emshir,Prishtine,1,86m 2,350 �
Super banese me qira ne lagjen e spitalit,Prishtine,3,115m 2,390 �
Leshohet banese me qira ne lagjen Ulpiana,Prishtine,1,40m 2,250 �
Leshohet banese me qira ne lagjen Mati 1,Prishtine,2,83m 2,350 �
Leshohet banese me qira ne lagjen Bregu i diellit,Prishtine,3,135m 2,300 �
Leshohet banese me qira ne Lagje te Spitalit,Prishtine,2,80m 2,300 �
Leshohet banese me qira ne lagjen Arberia,Prishtine,1,55m 2,220 �
Ekstra banese me qira ne lagjen Lakrishte,Prishtine,1,67m 2,350 �
Banese luksoze me qira ne lagjen Arberia,Prishtine,2,95m 2,400 �
Banese ( penthouse ) me qira ne lagjen Pejton,Prishtine,4,300m 2,"3,000 �"
Leshohet banese me qira ne lagjen Arberia,Prishtine,2,65m 2,270 �
Banes me qira ne lagjen Arberia tek Vip Tregtia,Prishtine,1,65m 2,300 �
Extra banes me qira ne ARBERI,Prishtine,3,150m 2,900 �
Banese me qira te parku i qytetit,Prishtine,2,75m 2,280 �
Leshohet banese me qira ne lagjen Emshir,Prishtine,2,75m 2,200 �
Banese ( Garsoniere ) me qira te Sllovenia Sporti,Prishtine,1,30m 2,200 �
Leshohet banese me qira ne Lagjen e Spitalit,Prishtine,1,60m 2,240 �
Leshohet banese me qira ne Arberi,Prishtine,2,90m 2,330 �
Banese me qira ne Lagjen e Spitalit,Prishtine,1,58m 2,230 �
Banese me qira ne Qender 2+1,Prishtine,2,90m 2,300 �
Banese me qira te Qafa,Prishtine,1,55m 2,230 �
Banes me qira te Sllovenia Sporti,Prishtine,1,65m 2,260 �
Leshohet banese me qira ne Arberi,Prishtine,2,80m 2,250 �
Banese me qira ne Dardani 1+1,Prishtine,1,55m 2,250 �
Leshohet banese me qira ne Arberi,Prishtine,1,55m 2,200 �
Banese Moderne me qira ne Arberi,Prishtine,1,64m 2,300 �
Banese me qira ne Lagjen e Spitalit,Prishtine,1,0m 2,250 �
Super banese me qira ne Arberi,Prishtine,1,57m 2,250 �
Banese me qira te Qafa,Prishtine,1,55m 2,250 �
Banese me qira ne Lagje te Spitalit,Prishtine,1,62m 2,230 �
Super banese me qira ne Breg te Diellit,Prishtine,1,60m 2,250 �
Leshohet banese me qira ne Emshir,Prishtine,2,90m 2,280 �
Leshohet banese ( garsoniere ) me qira ne Qender,Prishtine,1,40m 2,220 �
Leshohet banese me qira ne Velani,Prishtine,1,60m 2,200 �
Leshohet me qira super banese ne Lagje te Spitalit,Prishtine,3,110m 2,400 �
Super banese me qira te Mati 1,Prishtine,1,63m 2,250 �
Super banese me Qira te Qafa 3+1,Prishtine,3,160m 2,800 �
Leshohet banese me qira ne Lagjen e Spitalit,Prishtine,1,55m 2,250 �
Banese me qira ne Bregun e Diellit,Prishtine,43,43m 2,200 �
Super banese me qira ne Arberi,Prishtine,1,60m 2,270 �
Extra Banese me qera,Prishtine,1,60m 2,280 �
Banes Moderne me Qira ne Qender te Extrem Pizza,Prishtine,2,61m 2,550 �
Banes 2 Dhomshe me Qira ne Dardani,Prishtine,2,72m 2,300 �
"Banes� me #qira n� lagjen Dardania, te Fellini#3408",Prishtine,2,42m 2,220 �
"Banes� tridhom�she me #qira n� lagjen Qender, prapa Hotel SIrius #3406",Prishtine,3,78m 2,350 �
"Kat� sht�pie me #qira n� lagjen Bregu i Diellit, te Xhambazt #3409",Prishtine,3,100m 2,300 �
"Banes� dydhom�she me #qira n� lagjen Kalabria, pran� UBT-s� #3441",Prishtine,2,62m 2,280 �
"Banes� kat�rdhom�she me #qira n� lagjen Bregu i Diellit, pran� Ambulant�s #3442",Prishtine,4,110m 2,250 �
Banese me qera ne lagjen Mati 1.,Prishtine,3,90m 2,350 �
Banese me qira ne Breg te Diellit 2+1,Prishtine,2,76m 2,300 �
Banese me qira ne Mati 1,Prishtine,2,76m 2,300 �
Banese me qira ne Lagje te Muhaxhereve 2+1,Prishtine,2,70m 2,200 �
Banese me qira ne Lagje te Spitalit 3+1,Prishtine,3,100m 2,300 �
Shtepi me qira ne Pejton _900m2,Prishtine,7,900m 2,"4,000 �"
Super Banese me qira ne Pejton,Prishtine,2,75m 2,450 �
Banese me qira ne Pejton 3+1,Prishtine,3,100m 2,450 �
Super Banese,Prishtine,2,75m 2,300 �
Banese me qira te Sllovenia Sporti_1+1,Prishtine,1,55m 2,260 �
Banese me qira ne lagjen Mati 1_1+1,Prishtine,1,65m 2,220 �
Banese me qira ne Pejton_2+1,Prishtine,2,75m 2,300 �
Banese me qira ne Emshir,Prishtine,1,55m 2,250 �
Banese me qira ne Arberi_3+1,Prishtine,3,105m 2,550 �
Banese me qira ne Qender_3+1,Prishtine,3,100m 2,300 �
Banese me qira ne Kalabri_1+1,Prishtine,1,60m 2,230 �
Banese me qira ne Qender te 4 Llullat,Prishtine,1,70m 2,275 �
Banese me qira ne Dardani_2+1,Prishtine,2,100m 2,350 �
Banese me qira te Parku i Qytetit_1+1,Prishtine,-2,70m 2,250 �
BANESA ME QERA NE QENDER,Prishtine,2,40m 2,170 �
BANESA ME QERA NE QENDER,Prishtine,2,52m 2,250 �
"Banes� dydhom�she me #qira n� lagjen Kalabria, pran� UBT-s� #3454",Prishtine,2,62m 2,280 �
Banese me qera ne Rrugen B.,Prishtine,3,90m 2,450 �
Banese me qira ne lagjen Bregu i Diellit,Prishtine,2,75m 2,300 �
Banese me qira ne lagjen Arberia,Prishtine,1,60m 2,350 �
Banese me qira ne lagjen Bregu i Diellit,Prishtine,2,90m 2,450 �
Banese me qira ne lagjen Mati 1,Prishtine,1,56m 2,350 �
Banese me qira ne lagjen Bregu i Diellit,Prishtine,3,112m 2,400 �
Banese me qira ne lagjen Dardania 2+1,Prishtine,2,80m 2,450 �
Banesa me qira te Qafa,Prishtine,1,65m 2,350 �
Banese me qira ne lagjen Aktash_2+1,Prishtine,2,72m 2,500 �
Banese me qira ne lagjen Emshir_2+1,Prishtine,2,77m 2,400 �
Banese me qira te Qafa_2+1,Prishtine,2,70m 2,500 �
Banese me qira ne Rrugen C_2+1,Prishtine,2,70m 2,450 �
Banese me qira ne lagjen Ulpiana,Prishtine,1,40m 2,250 �