,title,region,number_of_rooms,quadrat,price
0,Banese me qira ne lagjen Bregu i Diellit 2+1,Prishtine,2,70.0,300.0
1,Banese me qira ne lagjen Sllovenia e Sportit 2+1,Prishtine,2,95.0,370.0
2,Banese me qira ne lagjen Rruga B 2+1,Prishtine,2,75.0,350.0
3,Banese me qira ne lagjen Aktash 1+1,Prishtine,1,40.0,200.0
4,Banese me qira ne lagjen Ulpiane 1+1,Prishtine,1,55.0,280.0
5,Banese me qira ne lagjen Parku i Qytetit 1+1,Prishtine,1,60.0,230.0
6,Banese me qira ne lagjen 4 Llullat 1+1,Prishtine,1,42.0,200.0
7,Banese me qira ne lagjen Qender 2+1,Prishtine,2,75.0,270.0
8,Banes(Gasoniere)me qira ne lagjen Pejton,Prishtine,1,40.0,250.0
9,Banese me qira ne lagjen Bregu i Diellit 2+1,Prishtine,2,90.0,400.0
10,Banese me qira ne lagjen Mati 1 1+1,Prishtine,1,76.0,300.0
11,Banese me qira ne lagjen Mati 1 1+1,Prishtine,1,73.0,300.0
12,Banese me qira ne lagjen Qafa 1+1,Prishtine,1,60.0,250.0
13,Banes (zyre) me qira ne Rrugen B 1+1,Prishtine,1,68.0,300.0
14,Banese me qira ne lagjen Arberia 2+1,Prishtine,2,90.0,350.0
15,Banese me qira ne lagjen Dardani 1+1,Prishtine,1,54.0,230.0
16,Banese me qira ne lagjen Dardania 1+1,Prishtine,1,70.0,350.0
17,Banese me qira ne lagjen Ulpiane 3+1,Prishtine,3,120.0,450.0
18,Banese me qira ne lagjen e Muhaxherve 3+1,Prishtine,3,100.0,450.0
19,Banese me qira ne lagjen Arberia 1+1,Prishtine,1,55.0,300.0
20,Banese ( Garsoniere ) me qira ne Ulpiane,Prishtine,1,30.0,200.0
21,Banese me qira ne lagjen Lagje e Spitalit 2+1,Prishtine,2,87.0,300.0
22,Banese me qira ne lagjen Mati 1 1+1,Prishtine,1,66.0,300.0
23,Banese me qira ne lagjen Bregu i Diellit 1+1,Prishtine,1,65.0,250.0
24,Banese me qira ne lagjen Tophane 1+1,Prishtine,1,65.0,250.0
25,Banese me qira ne lagjen Arberia 2+1,Prishtine,2,85.0,400.0
26,Banese me qira ne lagjen Dardania 1+1,Prishtine,1,60.0,250.0
27,Banese me qira ne lagjen Ulpiane 1+1,Prishtine,1,240.0,240.0
28,Banese me qira ne lagjen Qender 1+1,Prishtine,1,60.0,300.0
29,Banese me qira ne lagjen Qafa 1+1,Prishtine,1,70.0,300.0
30,Banese me qira ne lagjen Mati 1 1+1,Prishtine,1,50.0,270.0
31,Banese me qira ne lagjen Ulpiane 1+1,Prishtine,1,50.0,300.0
32,Banese me qira ne lagjen Arberia 1+1,Prishtine,1,57.0,250.0
33,Banese me qira ne lagjen Bregu i Diellit 2+1,Prishtine,2,50.0,230.0
34,Banese me qira ne lagjen Mati 1 1+1,Prishtine,1,55.0,250.0
35,Banese me qira ne lagjen Arberia 1+1,Prishtine,1,73.0,330.0
36,Banese me qira ne lagjen 4 Llullat 2+1,Prishtine,2,90.0,300.0
37,Banese me qira ne lagjen Rruga C 1+1,Prishtine,1,65.0,250.0
38,Banese me qira ne lagjen Qender 1+1,Prishtine,1,30.0,250.0
39,Banese me qira ne lagjen Dardania 2+1,Prishtine,2,65.0,320.0
40,Banese me qira ne lagjen Ulpiane 2+1,Prishtine,2,70.0,350.0
41,Banese me qira ne lagjen Bregu i Diellit,Prishtine,1,65.0,250.0
42,Banese me qira ne lagjen Arberia_2+1,Prishtine,2,90.0,500.0
43,Banese me qira ne lagjen Tophane,Prishtine,2,80.0,300.0
44,Banese me qira ne Lagje te Spitalit_2+1,Prishtine,2,82.0,330.0
45,Banese me qira ne Rrugen B_2+1,Prishtine,2,83.0,400.0
46,Banese me qira ne lagjen Dardania,Prishtine,1,65.0,280.0
47,Banese (zyre) me qira ne Qender,Prishtine,2,80.0,350.0
48,Banese me qira ne Qender,Prishtine,1,60.0,250.0
49,Banese me qira ne lagjen Aktash,Prishtine,1,60.0,350.0
50,Banese me qira ne lagjen Lakrishte,Prishtine,1,67.0,300.0
51,Banese me qira te Qafa,Prishtine,1,60.0,250.0
52,Banese me qira ne lagjen Pejton,Prishtine,1,64.0,300.0
53,Banese me qira ne lagjen Bregu i diellit,Prishtine,1,60.0,250.0
54,Banese me qira ne lagjen Mati 1,Prishtine,2,65.0,250.0
55,Super Banese me qira ne lagjen Emshir,Prishtine,2,85.0,350.0
56,Super Banese me qira ne lagjen Arberia,Prishtine,1,67.0,300.0
57,Banese me qira ne lagjen Bregu i diellit,Prishtine,2,90.0,250.0
58,Banese me qira te Rruga B,Prishtine,2,82.0,350.0
59,Banese me qira ne lagje te Spitalit,Prishtine,1,59.0,200.0
60,Banese me qira ne lagjen Arberia,Prishtine,2,85.0,300.0
61,"Banes�/Garsoniere me #qira n� lagjen Qender, prapa Hotel Sirius #3443",Prishtine,1,20.0,200.0
62,Banes me qira ne Lakrishte 2+1,Prishtine,2,85.0,350.0
63,Banes komode me qira ne Pejton,Prishtine,1,40.0,200.0
64,Banes me qira ne Arberi moderne,Prishtine,2,75.0,300.0
65,Banes me qira ne Ulpiane e renovuar,Prishtine,1,60.0,300.0
66,Banes (penthause) me qira mrapa Teatrit,Prishtine,2,100.0,350.0
67,Banes me qira te Slovenia Sporti,Prishtine,1,60.0,250.0
68,Banese komode me qira ne Dardani,Prishtine,1,60.0,220.0
69,Banes me qira te Sllovenia Sportit,Prishtine,2,70.0,320.0
70,Super banese me qira te Sllovenia Sporti,Prishtine,2,100.0,500.0
71,Super banese me qira ne lagjen Sllovenia Sporti,Prishtine,2,100.0,500.0
72,Garsoniere me qira te Sllovenia Sporti,Prishtine,1,45.0,200.0
73,Banes me qira ne Dardani e renovuar,Prishtine,1,65.0,250.0
74,Banese moderne me qira ne Lagjen Muhaxhereve,Prishtine,2,90.0,400.0
75,Banes komode me qira ne Mati 1,Prishtine,1,65.0,200.0
76,Banese komode me qira ne Lagje te Spitalit,Prishtine,1,60.0,250.0
77,Banes me qira te Parku i Qytetit 2+1,Prishtine,2,85.0,500.0
78,Banes me qira ne Tophane,Prishtine,1,40.0,250.0
79,Banese moderne me qira ne lagjen Sllovenia Sporti,Prishtine,1,65.0,300.0
80,Banese moderne me qira Mrapa Teatrit,Prishtine,2,80.0,300.0
81,Banese me qira ne lagjen Arberia 2+1,Prishtine,2,110.0,350.0
82,Banes komode me qira ne Ulpian,Prishtine,1,65.0,250.0
83,Banes me qira te Sllovenia Sporti,Prishtine,1,65.0,250.0
84,Banese komode ne lagjen Sllovenia Sporti,Prishtine,1,55.0,250.0
85,Banes me qira ne Breg te Diellit 2+1,Prishtine,2,90.0,280.0
86,Banes me qira te 4Llullat,Prishtine,1,65.0,270.0
87,Banes ekskluzive me qira ne Breg te Diellit 2+1,Prishtine,2,75.0,400.0
88,Super banes me qira ne Arberi,Prishtine,2,85.0,350.0
89,Banes moderne me qira te 4 Llullat,Prishtine,2,75.0,450.0
90,Banes me qira ne Lagje e Spitalit moderne,Prishtine,1,65.0,260.0
91,Banes me qira ne Lagjen e Muhaxhereve,Prishtine,1,61.0,250.0
92,Banes moderne me qira ne Mati 1,Prishtine,2,80.0,300.0
93,Banese komode me qira ne Breg te Diellit,Prishtine,1,60.0,230.0
94,Banese komode me qira ne Lagje te Spitalit,Prishtine,2,75.0,250.0
95,Super ofert banes me qira ne Arberi 2+1,Prishtine,2,83.0,300.0
96,Banes moderne me qira ne Tophane,Prishtine,1,72.0,300.0
97,Banes moderne me qira ne Emshir,Prishtine,2,80.0,300.0
98,Banes moderne me qira ne Dardani,Prishtine,2,85.0,300.0
99,Banes me qira ne Ulpiane,Prishtine,2,65.0,250.0
100,Banes komode me qira te Qafa,Prishtine,1,65.0,250.0
101,Banes me qira ne Ulpiane- Fontana,Prishtine,1,60.0,200.0
102,Banes me qira te Qafa,Prishtine,1,60.0,250.0
103,Banes me qera ne Dardani te posta e madhe,Prishtine,3,100.0,400.0
104,Banes komode me qira ne Ulpiane,Prishtine,1,65.0,250.0
105,Banes moderne me qira ne Tophane,Prishtine,2,75.0,250.0
106,Super Banes me qira ne Lagje te Spitalit,Prishtine,2,75.0,300.0
107,Banes moderne me qira ne Lagje te Spitalit,Prishtine,1,65.0,300.0
108,Banes me qira ne Mati 1 e pa banuar me pare,Prishtine,2,75.0,250.0
109,Banes me qira te Parku i Qytetit,Prishtine,1,65.0,220.0
110,Banes me qira ne Mati 1 2+1,Prishtine,2,75.0,250.0
111,Banes me qira ne Ulpiane 2+1,Prishtine,2,75.0,300.0
112,Banes komode me qira ne Mati 1,Prishtine,1,70.0,230.0
113,Banes moderne me qira ne Dardani,Prishtine,1,65.0,300.0
114,Banes komode me qira ne Dardani,Prishtine,1,60.0,300.0
115,Banes komode me qira ne Ulpiane,Prishtine,1,45.0,250.0
116,Banes me qira Mrapa Teatrit Kombetare 2+1,Prishtine,2,100.0,300.0
117,Banes me qira ne Dardani 3+1,Prishtine,3,100.0,300.0
118,Banes moderne me qira te Sllovenia Sporti,Prishtine,2,80.0,300.0
119,Banes moderne me qira ne Lagje te Spitalit,Prishtine,2,80.0,280.0
120,Banes me qira ne Arberi-Komuna e re,Prishtine,1,60.0,300.0
121,Leshohet me qira super banese ne lagjen Dardania,Prishtine,5,140.0,800.0
122,Ipet banese me qira te rruga B,Prishtine,2,90.0,220.0
123,Leshohet banese me qira ne lagjen Dardania,Prishtine,2,75.0,300.0
124,Super banese me qira ne lagjen Pejton,Prishtine,2,80.0,450.0
125,Leshohet banese me qira ne lagjen e Muhaxherve,Prishtine,1,60.0,250.0
126,Super banese me qira ne lagjen e Spitalit,Prishtine,2,106.0,500.0
127,Leshohet banese me qira te Qafa,Prishtine,2,85.0,270.0
128,Leshohet banese me qira afer parkut te qytetit,Prishtine,2,75.0,250.0
129,Leshohet banese me qira ne Lagjen e Spitalit,Prishtine,1,73.0,250.0
130,Banese me qira ne Lagjen e Spitalit,Prishtine,1,60.0,250.0
131,Banes Komode me Qira ne Mat te Shk.F. Pavarsia,Prishtine,2,90.0,430.0
132,Super Banes me Qira ne Fushe Kosove Perball Bau Marketit,Fushe Kosove,2,76.0,250.0
133,Banes 3 Dhomshe me Qira ne Tophane,Prishtine,3,100.0,550.0
134,Leshohet me qira banesa ne lagjen Mati 1,Prishtine,1,55.0,220.0
135,Super banese me qira ne Qender,Prishtine,3,130.0,700.0
136,Super Banes me Qira ne Aktash te Pika Luxury,Prishtine,1,45.0,350.0
137,Super Banes me Qira ne Dardani te Narteli - 130 M2,Prishtine,2,130.0,630.0
138,Banese me qira te Parku i qytetit,Prishtine,1,70.0,250.0
139,Banes Komode me Qira ne Mat te Super Viva 2,Prishtine,1,72.0,350.0
140,Banese ( garsoniere ) me qira ne lagjen Mati 1,Prishtine,1,45.0,200.0
141,Ipet banese me qira ne lagjen Pejton,Prishtine,2,73.0,380.0
142,Leshohet banese me qira ne lagjen Arberia,Prishtine,2,95.0,350.0
143,Leshohet banese me qira ne lagjen Ulpiana,Prishtine,2,72.0,250.0
144,Super banese me qira ne lagjen Lakrishte,Prishtine,1,60.0,300.0
145,Banes Komode me Qira ne Fushe Kosove Afer Fures Vlora,Fushe Kosove,1,65.0,190.0
146,Banes Komode me Qira ne Arberi Afer Qafes te Pandora,Prishtine,2,85.0,350.0
147,Leshohet banese me qira ne Qender,Prishtine,2,75.0,400.0
148,Leshohet banese me qira ne Lagjen e Spitalit,Prishtine,1,65.0,250.0
149,Leshohet banese me qira ne Qender,Prishtine,1,50.0,250.0
150,Banese me qira ( per zyre ) ne Qender,Prishtine,1,54.0,300.0
151,Banese me qira ne Qender,Prishtine,3,100.0,350.0
152,Super banese me qira ne Rrugen B,Prishtine,2,90.0,400.0
153,Banese ( garsoniere ) me qira te Bregu i diellit,Prishtine,1,35.0,200.0
154,Ipet banese me qira ne lagjen Bregu i diellit,Prishtine,2,75.0,300.0
155,Banes me qira ne Qender 2+1,Prishtine,2,80.0,400.0
156,Banese me qira ne Mati 1,Prishtine,2,76.0,300.0
157,Super banese me qira ne Emshir 3+1,Prishtine,3,115.0,300.0
158,Leshohet banese me qira ne Arberi,Prishtine,1,60.0,300.0
159,Banes me qira ne Mati 1,Prishtine,1,65.0,200.0
160,Leshohet banese me qira ne Arberi 2+1,Prishtine,2,80.0,350.0
161,Leshohet banese me qira te Bregu i Diellit,Prishtine,1,64.0,190.0
162,Leshohet banese me qira ne Emshir,Prishtine,1,55.0,250.0
163,Leshohet banese me qira ne Ulpiane 2+1,Prishtine,2,60.0,300.0
164,Leshohet banese me qira ne Ulpiane 2+1,Prishtine,2,60.0,300.0
165,Leshohet banese me qira ne Ulpiane,Prishtine,2,67.0,280.0
166,Banese me qira ne Breg te Diellit,Prishtine,1,54.0,200.0
167,Banese me qira ne Dardani 2+1,Prishtine,2,70.0,350.0
168,Banese me qira ne Aktash,Prishtine,2,86.0,250.0
169,Leshohet banese me qira ne Bregun e Diellit,Prishtine,1,65.0,200.0
170,Banese me qira ne Dardani ( te Santea ),Prishtine,2,80.0,270.0
171,Ekstra banese me qira te Sllovenia Sporti,Prishtine,2,130.0,500.0
172,Banese me qira ne Arberi 1+1,Prishtine,1,65.0,280.0
173,Banese me qira ne Lagjen e Muhagjerve 1+1,Prishtine,1,61.0,300.0
174,Super Banese me qera ne Arberi,Prishtine,1,55.0,280.0
175,Banes me qira ne Emshir e pa banuar me pare,Prishtine,2,75.0,350.0
176,Banese me qira e renovuar ne Dardani,Prishtine,2,75.0,250.0
177,Banes me qira ne Mati 1,Prishtine,2,75.0,350.0
178,Banese komode me qira ne Dardani,Prishtine,1,65.0,200.0
179,Banese me qira te Sllovenia Sporti 2+1,Prishtine,2,75.0,350.0
180,Banes me qira ne Dardani,Prishtine,1,65.0,290.0
181,Banes komode me qira ne Mati 1,Prishtine,1,63.0,200.0
182,Banes me qira ne Tophane 2+1,Prishtine,2,75.0,270.0
183,Banese moderne me qira ne Ulpiane,Prishtine,2,85.0,300.0
184,Super Oferte 2+1--350 ne ulpiane,Prishtine,2,70.0,350.0
185,Banes me qira ne Qender mobiluar,Prishtine,2,70.0,330.0
186,Banes moderne me qira ne Mati 1,Prishtine,2,75.0,280.0
187,Banes komode me qira ne Breg te Diellit,Prishtine,1,65.0,350.0
188,Banese me qira ne Mati 1 ndertim i ri,Prishtine,1,45.0,250.0
189,Banes me qira ne Emshir (banesat e arabve),Prishtine,1,50.0,200.0
190,Super ofert Banes me qira ne Mati 1 100m2-250,Prishtine,2,100.0,250.0
191,Banese komode me qira ne Breg te Diellit,Prishtine,1,55.0,250.0
192,Banes me qira ne Qender ndertim i ri,Prishtine,2,75.0,300.0
193,Banes me qira ne Dardani komode,Prishtine,1,65.0,300.0
194,Banese me qira ne Lagje te Spitalit 2+1,Prishtine,2,75.0,250.0
195,Banes me qira ne Lagje te Spitalit 2+1,Prishtine,2,75.0,220.0
196,Banese komode me qira ne Breg te Diellit,Prishtine,1,55.0,230.0
197,Banes me qira ne Ulpiane 2+1,Prishtine,2,75.0,300.0
198,Banes moderne me qira ne Emshir,Prishtine,2,90.0,400.0
199,Banes komode me qira ne Dardani,Prishtine,1,60.0,300.0
200,Banes me qira ne Ulpiane e renovuar,Prishtine,1,65.0,250.0
201,Banes ekskluzive me qira te Parku i Qytetit,Prishtine,2,95.0,700.0
202,Banes komode me qira ne Ulpiane,Prishtine,1,55.0,270.0
203,Banes me qira ne Dardani,Prishtine,1,55.0,250.0
204,Banes me qira ne Lagje te Spitalit 2+1,Prishtine,2,75.0,230.0
205,Banes komode me qira ne Lagje te Spitalit,Prishtine,1,60.0,200.0
206,Banes me qira te 4Llullat,Prishtine,1,65.0,250.0
207,Ektsra banese me qira,Prishtine,2,70.0,350.0
208,Banes me qira ne Ulpiane per zyre,Prishtine,1,65.0,400.0
209,Banese me qira ne Lagje te Muhaxhereve,Prishtine,1,50.0,250.0
210,Banes me qira ne Qender afer shkolles Sami Frasheri 2+1,Prishtine,2,75.0,200.0
211,Banes me qira ne Arberi 2+1,Prishtine,2,75.0,250.0
212,Banes me qira ne Ulpiane,Prishtine,1,65.0,250.0
213,Banes me qira ne Qender,Prishtine,2,100.0,400.0
214,Banes komode me qira ne Emshir,Prishtine,2,75.0,300.0
215,Banes me qira ne Dardani te Santea,Prishtine,1,65.0,200.0
216,Banes komode me qira ne Velani,Prishtine,1,65.0,230.0
217,Banes moderne me qira ne Qender- Pejton,Prishtine,2,75.0,380.0
218,Banes me qira ne Rrugen B,Prishtine,2,75.0,300.0
219,Banese me qira ne Lagjen Dardania 1+1,Prishtine,1,75.0,250.0
220,Banes komode me qira ne Lagje te Spitalit,Prishtine,1,60.0,250.0
221,Banes me qira ne Ulpiane,Prishtine,1,65.0,300.0
222,Banes me qira ne Lagje te Spitalit,Prishtine,2,130.0,200.0
223,Leshohet banese me qira ne lagjen Dardania,Prishtine,2,90.0,300.0
224,Banese me qira ne lagjen Dardania,Prishtine,2,82.0,350.0
225,Super banese me qira ne Qender,Prishtine,2,60.0,500.0
226,Ipet banese me qira ne lagjen Ulpiana,Prishtine,1,60.0,320.0
227,Leshohet banese me qira ne lagjen Tophane,Prishtine,1,75.0,250.0
228,Leshohet banese me qira ne lagjen Ulpiana,Prishtine,1,45.0,250.0
229,Leshohet banese me qira ne lagjen Arberia,Prishtine,1,70.0,330.0
230,Banese ( garsoniere ) me qira ne lagjen Arberia,Prishtine,1,45.0,200.0
231,Banese me qira ne lagjen Lakrishte,Prishtine,1,60.0,250.0
232,Leshohet banese me qira ne lagjen Dardania,Prishtine,1,65.0,300.0
233,Leshohet banese me qira ne Qender,Prishtine,1,50.0,300.0
234,Leshohet banese me qira ne lagjen Arberia,Prishtine,2,70.0,220.0
235,Leshohet banese me qira te Sllovenia Sporti,Prishtine,2,80.0,350.0
236,Ipet banese me qira ne lagjen e spitalit,Prishtine,2,70.0,300.0
237,Banese me qira ne lagjen Bregu i diellit,Prishtine,2,70.0,350.0
238,Ofrohet banese me qira ne Qender,Prishtine,2,80.0,350.0
239,Ipet banese me qira ne lagjen Pejton,Prishtine,2,90.0,450.0
240,Ofrohet banese me qira ne lagjen Bregu i diellit,Prishtine,1,60.0,200.0
241,Leshohet banese me qira ne Taslixhe,Prishtine,1,36.0,200.0
242,Leshohet banese me qira ne lagjen Bregu i diellit,Prishtine,1,60.0,250.0
243,Ofrohet banese me qira ne Rrugen B,Prishtine,2,55.0,250.0
244,Super banese me qira ne lagjen Arberia,Prishtine,2,110.0,500.0
245,Banese me qira ne lagjen Dardania,Prishtine,1,55.0,200.0
246,Leshohet banese me qira ne lagjen Bregu i diellit,Prishtine,1,65.0,250.0
247,Banese (garsoniere) me qira ne lagjen Ulpiana,Prishtine,1,30.0,200.0
248,Banese me qira ne lagjen Bregu i diellit,Prishtine,2,100.0,300.0
249,Leshohet banese me qira ne lagjen Ulpiana,Prishtine,1,55.0,250.0
250,Leshohet banese me qira te Qafa,Prishtine,1,50.0,300.0
251,Leshohet banese me qira ne lagjen Dardania,Prishtine,1,58.0,270.0
252,Leshohet banese me qira ne Emshir 1+1,Prishtine,2,85.0,300.0
253,Leshohet banese me qira te Bregu i Diellit 1+1,Prishtine,1,65.0,250.0
254,Leshohet banese me qira ne Ulpiane 1+1,Prishtine,1,50.0,250.0
255,Leshohet banese me qira ne lagjen Arberia,Prishtine,1,60.0,250.0
256,Leshohet banese me qira ne Tophane,Prishtine,1,58.0,250.0
257,Banese me qira ne Veternik,Prishtine,3,106.0,260.0
258,Banese me qira ne lagjen Dardania,Prishtine,2,100.0,250.0
259,Banese me qira ne Emshir 1+1,Prishtine,1,65.0,200.0
260,Banese me qira ne Emshir,Prishtine,2,85.0,280.0
261,Leshohet banese me qira ne Fushe Kosove 1+1,Fushe Kosove,1,55.0,220.0
262,Banese e re me qira ne Arberi,Prishtine,1,65.0,300.0
263,Leshohet super banese me qira ne Arberi 2+1,Prishtine,2,85.0,400.0
264,Banese me qira ne Emshir 2+1,Prishtine,2,72.0,300.0
265,Leshohet banese me qira ne Tophane,Prishtine,2,70.0,300.0
266,Banese me Qira ne Lagje te Spitalit,Prishtine,2,84.0,250.0
267,Banese me qira ne Arberi te Komuna e Re,Prishtine,1,70.0,300.0
268,Leshohet banese me qira te Parku i Qytetit,Prishtine,2,65.0,200.0
269,Leshohet banese me qira ne lagjen Arberia,Prishtine,2,90.0,300.0
270,Banes me qira te Qafa moderne,Prishtine,1,65.0,300.0
271,Banes me qira te 4 Llullat 2+1,Prishtine,2,78.0,300.0
272,Banese me qira ne lagjen Sllovenia Sporti,Prishtine,1,65.0,250.0
273,Banese ekskluzive me qira ne Arberi,Prishtine,2,80.0,500.0
274,Banese komode me qira ne Lagje te Muhaxhereve,Prishtine,1,65.0,250.0
275,Banese me qira te Qafa,Prishtine,1,70.0,300.0
276,Banese me qira te Sllovenia Sporti,Prishtine,1,60.0,200.0
277,Banes me qira ne Aktash 2+1,Prishtine,2,75.0,250.0
278,Banes me qira pre zyre,Prishtine,3,88.0,600.0
279,Banes me qira ne Tophane komode,Prishtine,1,60.0,250.0
280,Banese me qira ne Lagje te Spitalit 2+1,Prishtine,2,84.0,260.0
281,Banese komode me qira ne Breg te Diellit,Prishtine,1,65.0,200.0
282,Banese komode me qira ne Breg te Diellit,Prishtine,1,50.0,220.0
283,Banes moderne me qira ne ULPIANE,Prishtine,2,80.0,400.0
284,Banese me qira ne Breg te Diellit 2+1,Prishtine,2,105.0,300.0
285,Banes me qira ne lagjen Arberia 2+1,Prishtine,2,86.0,320.0
286,Banes me qira komode ne Emshir,Prishtine,2,75.0,230.0
287,Banese moderne me qira ne Emshir,Prishtine,1,55.0,230.0
288,Banesa me qira ne lagjen Arberia,Prishtine,1,58.0,250.0
289,Banes me qira te Sllovenia Sport,Prishtine,1,68.0,300.0
290,Banes me qira ne Tophane ndertim i ri,Prishtine,3,120.0,400.0
291,Banese me qira te Sllovnia Sporti me mobile te reja,Prishtine,2,115.0,400.0
292,Banese komode me qira ne Breg te Diellit,Prishtine,1,65.0,250.0
293,Banes me qira ne Rrugen B,Prishtine,2,96.0,300.0
294,Banes me qira ne Mati 1 kati i 1-re,Prishtine,2,75.0,250.0
295,Banes me qira te 4 Llullat,Prishtine,2,75.0,300.0
296,Banese me qira ne Breg te Diellit 2+1,Prishtine,2,75.0,260.0
297,Banes me qira ne Velani komode,Prishtine,1,55.0,200.0
298,Banes me qira ne Dardani te Santea,Prishtine,2,75.0,250.0
299,Banes me qira te Sllovenia Sporti 2+1,Prishtine,2,85.0,300.0
300,Banes me qira ne Lagje te Spitalit 2+1,Prishtine,2,75.0,250.0
301,Banes komode me qira ne Dragodan,Prishtine,1,65.0,300.0
302,Banes moderne me qira ne Arberi- komuna e re,Prishtine,1,67.0,350.0
303,Super ofert Banes komode me qira ne Arberi,Prishtine,1,55.0,230.0
304,Banes me qira ne Aktash 2+1,Prishtine,2,75.0,250.0
305,Banes me qira ne Tophane 2+1,Prishtine,2,90.0,310.0
306,Banese moderne e qira ne Lagje te Muhaxhereve,Prishtine,1,50.0,250.0
307,Banes komode me qira ne Mati 1,Prishtine,1,65.0,180.0
308,Banese me qira ne Lagje te Spitalit banesat e Royalit,Prishtine,2,75.0,350.0
309,Banes me qira te Sllovenia Sport,Prishtine,1,65.0,270.0
310,Banes komode me qira te Parku i Qytetit,Prishtine,1,65.0,250.0
311,Banes me qira ne Tophane,Prishtine,1,66.0,300.0
312,Banes me qira ne Lakrishte,Prishtine,1,65.0,350.0
313,Banese komode me qira ne Lakrishte,Prishtine,1,63.0,320.0
314,Banes me qira ne Lagje te Spitalit 3+1,Prishtine,3,100.0,330.0
315,SUPER Banese me qera Royal_Termokos,Prishtine,1,62.0,280.0
316,Leshoj Banese moderne _Super Oferte,Prishtine,2,75.0,250.0
317,Banes moderne me qira te Qafa,Prishtine,1,65.0,260.0
318,Banes moderne me qira Tophane 2+1,Prishtine,2,90.0,370.0
319,Banes me qira ne Qender te Sheshi ZAHIR PAJAZITI,Prishtine,1,65.0,300.0
320,Banes me qira ne Lakrishte,Prishtine,1,45.0,280.0
321,Banes me qira ne Emshir 2+1,Prishtine,2,80.0,250.0
322,Banes me qira ne Mati 1,Prishtine,2,75.0,250.0
323,Banese moderne me qira ne PEJTON,Prishtine,2,75.0,350.0
324,Banes me qira ne Arberi qmim te volitshem,Prishtine,2,80.0,320.0
325,Banes me qira te Hotel Siriusi 250,Prishtine,1,60.0,250.0
326,Leshohet banese me qira ne lagjen Tophane,Prishtine,1,55.0,250.0
327,Leshohet banese me qira te 4 Llullat,Prishtine,1,55.0,250.0
328,Leshohet banese me qira ne lagjen Bregu i diellit,Prishtine,1,65.0,300.0
329,Banese me qira ne Lagjen e Spitalit,Prishtine,1,60.0,180.0
330,Ipet banese me qira ne Lagjen e Spitalit,Prishtine,2,90.0,300.0
331,Ipet banese me qira ne lagjen Dardania,Prishtine,1,65.0,350.0
332,Leshohet banese me qira ne lagjen Arberia,Prishtine,1,50.0,200.0
333,Banesa 64m2 me qira te Muharrem Fejza ROZI,Prishtine,2,64.0,350.0
334,Banesa 64m2 me qira te Muharrem Fejza ROZI,Prishtine,1,64.0,400.0
335,Banesa 70m2 me qira ne Lakrishte ROZI,Prishtine,2,70.0,350.0
336,Leshohet banese me qira ne lagjen Emshir,Prishtine,2,85.0,300.0
337,Ofrohet banese ( Garsoniere ) me qira ne Qender,Prishtine,1,35.0,160.0
338,Ipet banese me qira ne lagjen Mati 1,Prishtine,2,76.0,350.0
339,Leshohet banese me qira ne Qender,Prishtine,1,56.0,260.0
340,Leshohet banese me qira ne Qender,Prishtine,2,65.0,350.0
341,Leshohet banese me qira ne Emshir,Prishtine,1,65.0,250.0
342,Ofrohet banese me qira ne lagjen Arberia,Prishtine,1,55.0,250.0
343,Leshohet banese me qira ne lagjen Pejton,Prishtine,1,60.0,300.0
344,Ofrohet banese me qira ne lagjen Dardania,Prishtine,2,70.0,300.0
345,Leshohet banese me qira ne lagjen Bregu i diellit,Prishtine,2,75.0,250.0
346,Ekstra banese me qira ne lagjen Arberia,Prishtine,3,97.0,400.0
347,Ofrohet banese me qira ne lagjen Arberia,Prishtine,1,65.0,240.0
348,Leshohet banese me qira ne lagjen Ulpiana,Prishtine,1,40.0,250.0
349,Leshohet banese ( garsoniere ) me qira te Qafa,Prishtine,1,30.0,200.0
350,Leshohet banese me qira te Qafa,Prishtine,2,90.0,300.0
351,Banese luksoze me qira ne lagjen Arberia,Prishtine,2,90.0,500.0
352,Banese me qira ne Bregun e diellit,Prishtine,1,55.0,200.0
353,Leshohet banese me qira ne lagjen Arberia,Prishtine,2,75.0,280.0
354,Banese luksoze me qira ne lagjen Arberia,Prishtine,2,90.0,500.0
355,Ipet banese me qira ne Rrugen B,Prishtine,1,75.0,270.0
356,Leshohet super banese me qira ne Arberi 2+1,Prishtine,2,75.0,350.0
357,Leshohet banese ( Garsoniere ) me qira ne Qender,Prishtine,1,30.0,220.0
358,Banese me qira ne Arberi 2+1,Prishtine,2,100.0,350.0
359,Leshohet banese me qira ne Qender 1+1,Prishtine,1,50.0,200.0
360,Banese ( garsoniere) me qira ne Lagje te Spitalit,Prishtine,1,30.0,200.0
361,Leshohet banese me qira te Mati 1 2+1,Prishtine,2,86.0,300.0
362,Leshohet Ekstra banese me qira ne Arberi,Prishtine,5,225.0,2200.0
363,Banese me qira ne Qender,Prishtine,1,65.0,300.0
364,Leshohet banese me Qira te Qafa 1+1,Prishtine,1,55.0,280.0
365,Leshohet banese me qira ne Velani 2+1,Prishtine,2,80.0,200.0
366,Leshohet banese me qira ne Ulpiane 2+1,Prishtine,2,75.0,270.0
367,Leshohet banese me qira ne Lagjen e Muhagjerve 1+1,Prishtine,1,60.0,250.0
368,Banese me qira per zyre ( Prime Group ),Prishtine,2,80.0,350.0
369,Leshohet banese me qira te Rruga C 3+1,Prishtine,3,120.0,400.0
370,Leshohet banese me qira ne Dardani ( Santea ),Prishtine,1,65.0,350.0
371,Leshohet banese me qira ne Rrugen B 1+1,Prishtine,1,65.0,300.0
372,Garsoniere me qera ne lagjen Ulpiana,Prishtine,1,42.0,200.0
373,Super Banese me qera ne Arberi,Prishtine,1,60.0,280.0
374,Banes komode me qira ne Tophane,Prishtine,1,65.0,200.0
375,Banes me qira te Parku i Qytetit,Prishtine,2,75.0,300.0
376,Banese komode me qira te Sllovenia Sporti,Prishtine,1,55.0,250.0
377,Banes me qira ne Arberi,Prishtine,2,80.0,220.0
378,Banes me qira ne Qender komode,Prishtine,1,65.0,350.0
379,Banese me qira ne Aktash mobiluar,Prishtine,1,65.0,350.0
380,Banesa 50m2 me qira ne Ulpiane ROZI,Prishtine,1,50.0,350.0
381,Banesa 55m2 me qira ne Qender ROZI,Prishtine,1,55.0,250.0
382,Banesa 100m2 me qira te Mati 1 ROZI,Prishtine,3,100.0,520.0
383,BANESE ME QIRA AFER SHKOLLES SE RE �MIHAL GRAMENO�,Fushe Kosove,3,85.0,250.0
384,BANESE ME QIRA TE RRUGA �NENA TEREZE�,Fushe Kosove,3,86.0,220.0
385,BANESE ME QIRA MBI ELI ABI RR- DARDANIA-M.GRAMENO,Fushe Kosove,2,65.0,230.0
386,BANES� ME QIRA N� FUSH� KOSOVE� AFER �PLUS MINUS �,Fushe Kosove,2,60.0,180.0
387,BANESE ME QIRA N� FUSH� KOSOV� rr�Hajrullah Zymi �,Fushe Kosove,3,75.0,200.0
388,BANESE ME QIRA AFER SHKOLLES �MIHAL GRAMENO�,Fushe Kosove,2,67.0,250.0
389,"LOKAL ME QIRA NE FUSHE KOSOVE, TE XHAMIA E RE",Fushe Kosove,1,100.0,1000.0
390,JAP ME QIRA BANESEN NE RRUG�N �DARDANIA�,Fushe Kosove,2,65.0,220.0
391,Leshohet banesa me qira ne fushkosov tek eli ab,Fushe Kosove,1,65.0,230.0
392,jep banesen me qira ne fushkosov,Fushe Kosove,2,80.0,230.0
393,jep banesen me qira ne fushkosov,Fushe Kosove,1,65.0,180.0
394,leshohet banesa me qira ne fushkosov,Fushe Kosove,1,60.0,250.0
395,jep banesen me qira,Prishtine,1,45.0,180.0
396,jep banesen me qira,Fushe Kosove,1,67.0,200.0
397,leshohet banesa me qira ne fushkosov,Fushe Kosove,1,65.0,200.0
398,leshohet banesa me qira ne fushkosov,Fushe Kosove,1,60.0,250.0
399,jep banesen me qira ne fushkosov,Fushe Kosove,1,60.0,220.0
400,Banese me qira ne Lagje te Spitalit,Prishtine,1,53.0,250.0
401,Banese me qira ne lagjen Dardania,Prishtine,1,60.0,300.0
402,Banese me qira ne lagjen Mati 1,Prishtine,2,90.0,400.0
403,Banese me qira ne lagen Tophane,Prishtine,1,60.0,300.0
404,Banese me qira ne lagjen Bregu i Diellit,Prishtine,3,125.0,500.0
405,Banese me qira ne lagjen Arberia_1+1,Prishtine,1,65.0,320.0
406,Banese me qira ne lagjen Lakrishte_2+1,Prishtine,2,85.0,350.0
407,Banese me qira ne lagjen Arberia,Prishtine,1,65.0,350.0
408,Banese (penthouse) me qira ne lagjen Arberia,Prishtine,2,116.0,850.0
409,Banese me qira ne lagjen Rruga B_2+1,Prishtine,2,91.0,400.0
410,Banese me qira ne Lagje te Spitalit_2+1,Prishtine,2,90.0,400.0
411,Super banese me qira ne lagjen Pejton,Prishtine,3,120.0,1000.0
412,Banese me qira ne lagjen Bregu i Diellit_2+1,Prishtine,2,90.0,250.0
413,Banese me qira ne lagjen Rruga B,Prishtine,2,90.0,500.0
414,Banese me qira ne lagjen Arberi,Prishtine,3,105.0,420.0
415,Banese me qira ne lagjen Arberia,Prishtine,1,64.0,300.0
416,Banese me qira ne lagje te Spitalit_2+1,Prishtine,2,86.0,400.0
417,Banese me qira ne lagjen Rruga C,Prishtine,2,80.0,500.0
418,Banese me qira ne lagjen Dardania_2+1,Prishtine,2,80.0,400.0
419,Banese me qira ne lagjen Arberia_2+1,Prishtine,2,84.0,500.0
420,Banese (penthouse) me qira ne lagjen Arberi_3+1,Prishtine,3,135.0,1300.0
421,Banese (zyre) me qira ne lagjen Rruga B,Prishtine,3,176.0,800.0
422,Banese me qira ne Aktash_2+1,Prishtine,2,75.0,550.0
423,Banese me qira ne lagjen ne Dardani,Prishtine,1,50.0,300.0
424,Banese me qira ne Rrugen B,Prishtine,2,89.0,400.0
425,Banese me qira ne lagjen Tophane_2+1,Prishtine,2,72.0,350.0
426,Banese me qira ne lagjen Arberia_2+1,Prishtine,2,75.0,400.0
427,Banese me qira ne lagjen Ulpiana,Prishtine,1,60.0,250.0
428,Banese me qira ne lagjen Mati 1,Prishtine,2,90.0,350.0
429,Banese me qira ne Qender,Prishtine,2,70.0,350.0
430,Banese me qira ne lagjen Emshir 2+1,Prishtine,2,108.0,420.0
431,Banese me qira ne lagjen Emshir 2+1,Prishtine,2,110.0,400.0
432,Banese me qira ne lagjen Arberia 1+1,Prishtine,1,58.0,270.0
433,Banese me qira ne Qender 2+1,Prishtine,2,80.0,350.0
434,Banese me qira ne lagjen Bregu i Diellit 3+1,Prishtine,3,108.0,400.0
435,Banese me qira ne lagjen Arberia 3+1,Prishtine,3,120.0,500.0
436,Banese me qira ne lagjen Mati 1 1+1,Prishtine,3,111.0,500.0
437,Super banese me qera ne Arberi,Prishtine,1,64.0,280.0
438,Super banese me qera ne Qender,Prishtine,2,85.0,300.0
439,Banese me qira ne lagjen Arberia,Prishtine,1,64.0,300.0
440,Banese me qira ne lagjen Arberia 1+1,Prishtine,1,60.0,300.0
441,Banese(Garsoniere) me qira ne lagjen Sllovenia e Sportit,Prishtine,1,30.0,220.0
442,Banese me qira ne lagjen Ulpiane 1+1,Prishtine,1,60.0,250.0
443,Banese me qira ne lagjen Dardania 1+1,Prishtine,1,45.0,250.0
444,Banese me qira ne lagjen Emshir 2+1,Prishtine,2,90.0,300.0
445,Banese me qira ne lagjen Ulpiane 1+1,Prishtine,1,70.0,250.0
446,Banese me qira ne lagjen Bregu i Diellit 2+1,Prishtine,2,90.0,320.0
447,Banese me qira ne lagjen Bregu i Diellit 2+1,Prishtine,2,90.0,300.0
448,Banese(zyre) me qira ne lagjen Ulpiane 2+1,Prishtine,2,55.0,300.0
449,Banes me Qira ne Dardani,Prishtine,1,50.0,300.0
450,Banes Komode me Qira ne Lagjen e Muhaxherve,Prishtine,2,103.0,500.0
451,Banes Komode me Qira ne Rrugen B te Restorant Loriano,Prishtine,1,65.0,300.0
452,Banes Komode me Qira ne Mat te Frutaria,Prishtine,2,80.0,300.0
453,Jap banesen me qera ne Prishtine,Prishtine,2,40.0,170.0
454,jap banesen me qera,Prishtine,2,40.0,170.0
455,Ofrohet me Qira Banesa Moderne 85m2 ne Breg Diellit DREAM HOME,Prishtine,3,85.0,750.0
456,Banese me qira ne lagjen Arberia 1+1,Prishtine,1,66.0,350.0
457,Banese me qira ne lagjen Aktash 1+1,Prishtine,1,58.0,250.0
458,Banese me qira ne lagjen Arberia 2+1,Prishtine,2,94.0,400.0
459,Banese me qira ne lagjen Bregu i Diellit 1+1,Prishtine,1,54.0,230.0
460,Banese me qira ne lagjen Arberia 1+1,Prishtine,1,68.0,350.0
461,Banese me qira ne lagjen Muhaxhereve 1+1,Prishtine,1,60.0,300.0
462,Banese me qira ne lagjen Arberia 2+1,Prishtine,2,95.0,350.0
463,Banese me qira ne lagjen Bregu i Diellit 1+1,Prishtine,1,58.0,250.0
464,"Hapesire banimi me qera, magjistralja. Ferizaj-Kacanik",Ferizaj,2,50.0,110.0
465,Banesa 85m2 me qira te Muharrem Fejza ROZI,Prishtine,3,85.0,350.0
466,Banese me qira ne lagjen Ulpiana,Prishtine,1,50.0,250.0
467,Banese me qira ne lagjen Emshir,Prishtine,2,95.0,500.0
468,Banese me qira ne Lagje te Muhaxhereve_2+1,Prishtine,2,100.0,400.0
469,Banese me qira ne lagjen Arberia,Prishtine,2,100.0,250.0
470,Banese me qira ne lagjen Emshir,Prishtine,2,75.0,300.0
471,Banese me qira ne lagjen Bregu i Diellit,Prishtine,1,65.0,270.0
472,Banese me qira ne Mati 1,Prishtine,1,60.0,300.0
473,Banese me qira ne lagjen Arberia_2+1,Prishtine,2,101.0,300.0
474,Banese me qira ne lagjen Rruga B,Prishtine,2,88.0,450.0
475,Banese me qira ne lagje te Muhaxhereve,Prishtine,2,86.0,450.0
476,Banesa 55m2 me qira te Mati 1 ROZI,Prishtine,1,55.0,250.0
477,Banese me qira ne Tophane,Prishtine,1,60.0,250.0
478,Banes me qira ne Breg te Diellit moderne,Prishtine,1,65.0,350.0
479,Super ofert banes me qira te Parku i Qytetit 190,Prishtine,1,60.0,190.0
480,Super Banese 2+1,Prishtine,2,73.0,300.0
481,Banese me qira ne Arberi 2+1,Prishtine,2,70.0,230.0
482,Extra banes me qira ne Qender,Prishtine,1,70.0,320.0
483,Banes me qira ne Dardani komode,Prishtine,1,65.0,300.0
484,Banes me qira te Qafa kati i 2-te,Prishtine,2,75.0,250.0
485,Banes me qira (kate shtepie) Arberi,Prishtine,1,65.0,230.0
486,Banes e re me qira ne Tophane,Prishtine,2,80.0,350.0
487,Banes komode me qira te Parku i Qytetit,Prishtine,1,60.0,230.0
488,Banes me qira ne Breg te Diellit,Prishtine,2,70.0,300.0
489,Banes me qira te 4 Llullat mobiluar,Prishtine,2,75.0,320.0
490,Banes moderne me qira ne Emshir,Prishtine,2,80.0,300.0
491,Banes me qira Mrapa Teatrit Kombetar-4 Lullat,Prishtine,1,60.0,280.0
492,Banes me qira ne Emshir,Prishtine,2,80.0,300.0
493,Banes komode me qira ne Emshir,Prishtine,1,60.0,250.0
494,Banes moderne me qira ne Arberi,Prishtine,1,65.0,240.0
495,Banese me qera ne Mati 1 3+1,Prishtine,3,88.0,300.0
496,Banes komode me qira ne Mati 1,Prishtine,2,70.0,270.0
497,Banes me qira ne Ulpiane e pershtatshme per zyre,Prishtine,2,70.0,350.0
498,Banes me qira ne lagje te Muhaxhereve,Prishtine,1,60.0,250.0
499,Banese komode me qira ne Ulpiane,Prishtine,1,60.0,300.0
500,Banes me qira ne Ulpiane,Prishtine,1,65.0,250.0
501,Banes e re me qira ne Rrugen B,Prishtine,1,65.0,220.0
502,Banes me qira te 4 Llullat 1+1,Prishtine,1,60.0,240.0
503,Banes me qira ne Qender,Prishtine,1,40.0,250.0
504,Banes me qira ne Mati 1,Prishtine,1,65.0,240.0
505,Banes me qira ne Rrugen B 2+1,Prishtine,2,75.0,280.0
506,Banes me qira ne Tophane 2+1,Prishtine,2,75.0,300.0
507,Banese me qira ne Breg te Diellit kompleksi Dafina,Prishtine,2,70.0,300.0
508,Banes me qira ne Rrugen B banesat e Inxhinieringut,Prishtine,2,83.0,250.0
509,Banes me qira ne Mati 1,Prishtine,1,67.0,250.0
510,Banese me qira te Sllovenia Sporti,Prishtine,1,45.0,230.0
511,Banes komode me qira ne Ulpiane,Prishtine,1,65.0,250.0
512,Banes moderne me qira te Sllovenia Sporti,Prishtine,1,65.0,250.0
513,Banes me qira ne Qender,Prishtine,1,65.0,350.0
514,Banes me qira ne Mati 1 2+1,Prishtine,2,81.0,250.0
515,Banes me qira ne Lagjen e Muhaxhereve 2+1,Prishtine,2,80.0,350.0
516,Banese me qira ne lagje te Muhaxhereve,Prishtine,1,70.0,300.0
517,Banese me qira ne lagjen Emshir,Prishtine,1,55.0,350.0
518,Banese me qira ne lagjen Dardania,Prishtine,1,50.0,330.0
519,Banese me qira ne lagjen Emshir_1+1,Prishtine,1,55.0,350.0
520,Banese me qira ne lagjen Dardani,Prishtine,1,60.0,300.0
521,Banese me qira ne lagjen Emshir_2+1,Prishtine,3,110.0,420.0
522,Banese me qira ne lagjen Emshir,Prishtine,1,65.0,320.0
523,Banese me qira ne lagjen Arberia_2+1,Prishtine,1,85.0,380.0
524,Banese me qira ne lagjen e Muhaxhereve 2+1,Prishtine,2,95.0,400.0
525,Banese me qira ne lagje te Spitalit_3+1,Prishtine,3,103.0,350.0
526,Banese me qira ne lagjen Bregu i Diellit,Prishtine,2,75.0,350.0
527,Banese me qira ne lagjen Tophane,Prishtine,1,65.0,270.0
528,Banese me qira ne lagjen Mati 1_2+1,Prishtine,2,82.0,380.0
529,Banese me qira ne lagjen Dardania_2+1,Prishtine,2,90.0,350.0
530,Banes me qira ne lagjen Lakrishte,Prishtine,1,65.0,300.0
531,Banese me qira ne Emshir,Prishtine,2,90.0,350.0
532,Banese me qira ne Rrugen B_2+1,Prishtine,2,80.0,300.0
533,Banese me qira ne lagjen Bregu i Diellit_3+1,Prishtine,3,110.0,400.0
534,Banese me qira ne Lagjen e Spitalit,Prishtine,1,65.0,250.0
535,Banese me qira ne lagjen Ulpiana,Prishtine,1,65.0,250.0
536,Banese me qira ne lagje te Muhaxhereve,Prishtine,1,65.0,250.0
537,Banese me qira ne lagjen Mati 1,Prishtine,2,77.0,350.0
538,Banese me qira ne lagje te Spitalit_2+1,Prishtine,2,96.0,400.0
539,Banese me qira ne lagjen Dardania_2+1,Prishtine,2,80.0,500.0
540,Banese me qira ne lagjen Rruga B,Prishtine,1,60.0,260.0
541,Banese me qira ne lagjen Bregu i Diellit,Prishtine,1,70.0,250.0
542,Banese me qira ne Lagje te Spitalit,Prishtine,2,80.0,320.0
543,Banese me qira ne lagjen Dardania,Prishtine,1,60.0,250.0
544,Banese me qira ne lagje te Spitalit_2+1,Prishtine,2,85.0,400.0
545,Banese me qira ne lagjen Ulpiana,Prishtine,1,40.0,170.0
546,Banese me qira ne lagjen Emshir,Prishtine,1,55.0,300.0
547,Banese me qira ne lagjen Bregu i Diellit,Prishtine,2,75.0,200.0
548,Banese me qira ne lagjen Arberia,Prishtine,1,67.0,320.0
549,Garsoniere me qera ne lagjen Parku i Qytetit,Prishtine,1,30.0,220.0
550,Banese me qira ne lagjen e Spitalit,Prishtine,2,86.0,400.0
551,Banes (zyre) me qira ne lagjen Qafa,Prishtine,1,35.0,300.0
552,Banese me qira ne lagjen Dardania,Prishtine,3,98.0,600.0
553,Banese me qira ne lagjen Rruga B,Prishtine,2,85.0,370.0
554,Banese me qira ne lagjen Arberia,Prishtine,3,105.0,400.0
555,Banese me qira ne lagjen Emshir,Prishtine,2,100.0,430.0
556,Banese me qira ne lagjen Tukbashqe,Prishtine,1,67.0,200.0
557,Garsoniere me qera ne lagjen Emshir,Prishtine,1,43.0,230.0
558,Banese me qira ne Lagjen e Spitalit 2+1,Prishtine,2,86.0,400.0
559,Banese me qira ne Qender 2+1,Prishtine,2,90.0,400.0
560,Banese me qira ne lagjen Dardania 1+1,Prishtine,1,75.0,350.0
561,Banese me qira ne lagjen Mati 1 3+1,Prishtine,3,118.0,460.0
562,Banese me qira ne Lagjen e Spitalit 2+1,Prishtine,2,75.0,300.0
563,Banese me qira ne lagjen e Muhaxhereve 2+1,Prishtine,2,76.0,400.0
564,Banese me qira ne lagjen Arberia 1+1,Prishtine,1,60.0,270.0
565,Banese me qira ne lagjen Arberia 2+1,Prishtine,2,86.0,450.0
566,Banese me qira ne lagjen Tophane 2+1,Prishtine,2,80.0,300.0
567,Banese me qira ne lagjen Bregu i Diellit,Prishtine,2,89.0,500.0
568,Banese me qira ne lagjen Arberia_2+1,Prishtine,2,92.0,500.0
569,Banese me qira ne lagjen Arberia,Prishtine,2,90.0,450.0
570,Banese me qira ne lagjen Mati 1 3+1,Prishtine,3,110.0,450.0
571,Banese me qira ne lagjen Ulpiane 2+1,Prishtine,2,65.0,400.0
572,Banese me qira ne lagjen Arberia 1+1,Prishtine,1,57.0,300.0
573,Banes� me qira n� lagjen Arberia 2+1,Prishtine,2,87.0,450.0
574,Banese me qira ne lagjen Ulpiane 2+1,Prishtine,2,70.0,250.0
575,Banese me qira ne lagjen Ulpiane 1+1,Prishtine,1,50.0,260.0
576,Banese me qira ne lagjen Emshir 2+1,Prishtine,2,70.0,300.0
577,Banese me qira ne lagjen Aktash,Prishtine,1,60.0,350.0
578,Banese me qira ne lagjen Bregu i Diellit,Prishtine,2,80.0,500.0
579,Banese me qira ne Rrugen C_2+1,Prishtine,2,85.0,650.0
580,Banese me qira ne lagjen Aktash_3+1,Prishtine,3,120.0,500.0
581,Banese me qira ne lagjen Arberia,Prishtine,1,60.0,250.0
582,Banese me qira te Qafa_2+1,Prishtine,2,90.0,320.0
583,Banese me qira ne lagjen Arberia,Prishtine,1,58.0,290.0
584,Banese me qira ne Mati 1_2+1,Prishtine,2,95.0,550.0
585,Banese me qira ne lagjen Dardania,Prishtine,1,40.0,250.0
586,Banese me qira ne lagjen Tophane_3+1,Prishtine,3,100.0,500.0
587,Banese me qira ne lagjen Tophane,Prishtine,2,84.0,500.0
588,Banese me qira ne lagjen Rruga B_2+1,Prishtine,2,65.0,300.0
589,Banese me qira ne lagjen Ulpiana,Prishtine,1,60.0,250.0
590,Banese me qira ne lagjen Arberia_2+1,Prishtine,2,75.0,330.0
591,Banese me qira te Rruga B_2+1,Prishtine,2,93.0,400.0
592,Banese me qira ne lagjen Bregu i Diellit_2+1,Prishtine,2,90.0,400.0
593,Banese me qira ne Ulpiane,Prishtine,1,70.0,250.0
594,Banese me qira ne lagjen Arberia,Prishtine,1,55.0,280.0
595,Banese me qira ne lagjen Sllovenia Sporti,Prishtine,1,55.0,250.0
596,Banese me qira ne Qender,Prishtine,1,65.0,350.0
597,Banese me qira ne lagjen Arberia_3+1,Prishtine,3,140.0,1000.0
598,Banese me qira ne lagjen Arberia_2+1,Prishtine,2,89.0,500.0
599,Banese me qira ne lagjen Arberia_2+1,Prishtine,2,90.0,350.0
600,Banese me qira ne lagjen Dardania,Prishtine,2,72.0,280.0
601,Banese me qira ne lagjen Arberia_2+1,Prishtine,2,90.0,750.0
602,Banese me qira ne lagjen Arberia,Prishtine,1,65.0,280.0
603,Banese me qira ne Rrugen C_2+1,Prishtine,2,85.0,360.0
604,Banese me qira ne lagjen Pejton_2+1,Prishtine,2,86.0,600.0
605,Banese me qira ne Rrugen B_2+1,Prishtine,2,91.0,500.0
606,Banese me qira ne lagjen Tophane,Prishtine,1,60.0,300.0
607,Banese me qira ne Lagje te Spitalit,Prishtine,1,65.0,300.0
608,Banese me qira ne lagjen Ulpiana,Prishtine,1,50.0,200.0
609,Banese me qira ne lagjen Ulpiana_2+1,Prishtine,2,96.0,400.0
610,Banese me qira ne Rrugen B,Prishtine,2,75.0,350.0
611,Banese me qira ne lagjen Arberia,Prishtine,1,58.0,350.0
612,Banese me qira ne Lagjen e Spitalit_2+1,Prishtine,2,80.0,400.0
613,Banese me qira ne lagjen Mati 1,Prishtine,1,50.0,200.0
614,Banese me qira ne lagjen Mati 1_2+1,Prishtine,2,100.0,300.0
615,Banese (zyre) me qira ne Arberi,Prishtine,2,114.0,400.0
616,Banese me qira ne lagjen Dardania,Prishtine,2,78.0,350.0
617,Banese me qira te Rruga B,Prishtine,1,50.0,250.0
618,Banese me qira ne Rrugen B_2+1,Prishtine,2,83.0,350.0
619,Banese me qira ne Rrugen C_2+1,Prishtine,2,83.0,400.0
620,Banese me qira ne Lagje te Spitalit_2+1,Prishtine,2,80.0,400.0
621,Banese me qira ne lagjen Ulpiana,Prishtine,1,70.0,350.0
622,Banese me qira ne lagjen Arberi,Prishtine,1,55.0,250.0
623,Banese me qira ne lagjen Mati 1_2+1,Prishtine,2,100.0,300.0
624,Banese me qira ne lagjen Bregu i Diellit,Prishtine,1,70.0,350.0
625,Banese me qira ne lagjen Ulpiana_2+1,Prishtine,2,70.0,390.0
626,Banese me qira ne lagjen 4 Llullat(Vellusha) 2+1,Prishtine,2,87.0,350.0
627,Banese me qira ne lagjen Bregu i Diellit_1+1,Prishtine,1,66.0,350.0
628,2 Banesa me qira ne Mati 1_2+1,Prishtine,2,77.0,350.0
629,Banese me qira ne Dardani _2+1,Prishtine,2,85.0,480.0
630,Banese me qira ne lagje te Muhaxhereve_2+1,Prishtine,2,85.0,500.0
631,Banese me qira ne lagjen Bregu i Diellit_2+1,Prishtine,2,90.0,500.0
632,Banese me qera ne Arberi2+1,Prishtine,2,90.0,759.0
633,Banese me qira ne lagjen Arberi_2+1,Prishtine,2,90.0,420.0
634,Banese me qira ne lagjen Spitalit_2+1,Prishtine,2,83.0,400.0
635,Banese me qira ne Lagje te Spitalit,Prishtine,1,70.0,300.0
636,Banese me qira ne Lagjen e Spitalit_2+1,Prishtine,2,87.0,250.0
637,Banese me qira ne lagjen Rruga C_2+1,Prishtine,2,83.0,400.0
638,Banese me qira (zyre) ne lagjen Arberia,Prishtine,4,124.0,500.0
639,Banese me qira ne lagjen Dardani_2+1,Prishtine,2,75.0,320.0
640,Banese me qira ne lagjen Lakrishte,Prishtine,1,68.0,600.0
641,Banese me qira ne lagjen e Spitalit_2+1,Prishtine,2,75.0,350.0
642,Banese me qira ne lagjen Bregu i Diellit,Prishtine,1,65.0,250.0
643,Banese me qira ne lagjen Mati 1,Prishtine,1,65.0,300.0
644,Banese me qira ne Lagje te Spitalit,Prishtine,1,65.0,300.0
645,Banese me qira ne lagjen Dardania_1+1,Prishtine,1,49.0,300.0
646,Banese me qira ne lagjen Mati 1_1+1,Prishtine,1,55.0,230.0
647,Banese me qira ne Lagjen Pejton,Prishtine,1,45.0,250.0
648,Banese me qira ne Lagje te Spitalit_2+1,Prishtine,2,90.0,400.0
649,Banese (zyre) me qira ne lagjen Ulpiana,Prishtine,3,78.0,350.0
650,Banese me qira ne Lagje te Spitalit_1+1,Prishtine,1,65.0,300.0
651,Banese me qira ne lagjen Dardania,Prishtine,1,40.0,270.0
652,Banese me qira ne Lagje te Spitalit_2+1,Prishtine,2,82.0,350.0
653,Banese me qira ne lagjen Bregu i Diellit,Prishtine,2,97.0,550.0
654,Banese me qira ne lagjen Tophane,Prishtine,1,40.0,200.0
655,Banese me qira ne Lagje te Spitalit_1+1,Prishtine,1,60.0,300.0
656,Banese (Gasoniere)me qira ne lagjen Bregu i Diellit,Prishtine,1,25.0,150.0
657,Banese me qira ne Qender 1+1,Prishtine,1,60.0,250.0
658,Banese me qira ne lagjen Arberia 2+1,Prishtine,2,94.0,450.0
659,Banese me qira ne lagjen Arberia 2+1,Prishtine,2,85.0,400.0
660,Banese me qira ne lagjen Arberia 2+1,Peje,2,95.0,450.0
661,Banese me qira ne lagjen Arberia 3+1,Prishtine,3,115.0,450.0
662,Banese me qira ne lagjen Bregu i Diellit 2+1,Prishtine,2,110.0,390.0
663,Banese (gasonire)me qira ne lagjen e Spitalit 2+1,Prishtine,1,33.0,250.0
664,Banese me qira ne lagjen Qender 1+1,Prishtine,1,75.0,280.0
665,Banese(Zyre )me qira ne lagjen Rruga C 3+1,Prishtine,3,137.0,600.0
666,Banese me qira ne lagjen Arberia 1+1,Prishtine,1,70.0,330.0
667,Banese me qira ne lagjen Mati 1+1,Prishtine,1,70.0,250.0
668,Banese me qira ne lagjen Tophane1+1,Prishtine,1,60.0,300.0
669,Banese me qira ne lagjen e Spitalit 3+1,Prishtine,3,100.0,350.0
670,Banese me qira ne lagjen Tophane 3+1,Prishtine,3,105.0,400.0
671,Banese me qira ne lagjen Mati 1 3+1,Prishtine,3,100.0,460.0
672,Banese me qira ne lagjen Arberia 1+1,Prishtine,1,70.0,350.0
673,Banese me qira ne lagjen Arberia 2+1,Prishtine,2,95.0,350.0
674,Banese me qira ne lagjen Lakrishte 1+1,Prishtine,1,65.0,600.0
675,Banese me qira ne lagjen 4 Llullat 2+1,Prishtine,2,95.0,450.0
676,Banese me qira ne lagjen Rrugen B 2+1,Prishtine,2,90.0,350.0
677,Banese me qira te Xhamia e Llapit 1+1,Prishtine,1,72.0,150.0
678,Banese me qira ne lagjen Bregu i Diellit 2+1,Prishtine,2,80.0,300.0
679,Banese me qira ne lagjen Arberi 2+1,Prishtine,2,95.0,500.0
680,Banese me qira ne lagjen Ulpiane 1+1,Prishtine,1,55.0,200.0
681,Banes me qira ne Emshir _2+1,Prishtine,2,92.0,350.0
682,Banese me qira ne lagjen Arberia 1+1,Prishtine,1,60.0,300.0
683,Banes me qira te Sllovenia Sporti 2+1,Prishtine,2,75.0,300.0
684,Banese me qira ne lagjen Ulpiane1+1,Prishtine,1,70.0,330.0
685,Banese me qira ne Emshir_ 2+1,Prishtine,2,84.0,500.0
686,Banese me qira ne lagjen Emshir 2+1,Prishtine,2,85.0,450.0
687,Banese me qira ne Qender 2+1,Prishtine,2,85.0,500.0
688,Banese luksoze me qira ne lagjen Pejton 2+1,Prishtine,2,138.0,700.0
689,Banese me qira ne lagjen Bregu i Diellit 2+1,Prishtine,2,96.0,350.0
690,Banese me qira ne lagjen Dardani 1+1,Prishtine,1,55.0,300.0
691,Banese me qira ne lagjen Rruga B 1+1,Prishtine,1,55.0,350.0
692,Banese me qira ne lagjen Bregu i Diellit 2+1,Prishtine,2,85.0,350.0
693,Banese me qira ne lagjen Emshir 2+1,Prishtine,2,120.0,430.0
694,Banese me qira ne lagjen Mati 2+1,Prishtine,2,83.0,350.0
695,Banese me qira ne lagjen Mati 1+1,Prishtine,1,70.0,250.0
696,Banese me qira ne lagjen Bregu i Diellit 2+1,Prishtine,2,95.0,390.0
697,Banese me qira ne lagjen Qender 1+1,Prishtine,1,40.0,230.0
698,Banese me qira ne lagjen Lagje e Spitalit 1+1,Prishtine,1,67.0,320.0
699,Banese me qira ne lagjen Mati 1 1+1,Prishtine,2,51.0,200.0
700,Banese me qira ne lagjen Bregu i Diellit 1+1,Prishtine,1,70.0,250.0
701,Banese me qira ne lagjen Tophane 2+1,Prishtine,2,85.0,400.0
702,Banesa - Zyre 82m2 me qira prane Rruga B ROZI,Prishtine,2,82.0,350.0
703,Jep banes me qira,Fushe Kosove,2,90.0,160.0
704,URGJENT KERKOJ BANESE ME QIA PER 1 QIFT NE FUSHE KOSOVE,Fushe Kosove,2,65.0,220.0
705,Banese me qira ne lagjen Mati 1,Prishtine,2,85.0,250.0
706,Banese me qira ne Lagjen e Spitalit 2+1,Prishtine,2,90.0,300.0
707,Banes me qira ne Qender - sheshi Zahir Pajaziti,Prishtine,1,65.0,280.0
708,Ofrohet banese me qira ne Bregun e Diellit,Prishtine,2,80.0,300.0
709,Leshohet banese me qira ne Bregun e Diellit,Prishtine,1,55.0,200.0
710,Banese me qira ne Bregun e Diellit,Prishtine,1,55.0,250.0
711,Banese me qira ne lagjen Arberia,Prishtine,1,60.0,250.0
712,Banese e re me qira ne Bregun e Diellit,Prishtine,1,60.0,250.0
713,Banese me qira ne Qender 2+1,Prishtine,2,75.0,300.0
714,Banese me qira ne lagjen Bregu i Diellit,Prishtine,1,65.0,200.0
715,Super banese me qira te Qafa,Prishtine,2,86.0,380.0
716,Banese ( Zyre ) me qira ne Qender,Prishtine,1,50.0,400.0
717,Banese me qira ne Lagjen e Spitalit 1+1,Prishtine,1,50.0,200.0
718,Leshohet banese me qira ne Lagjen e Spitalit,Prishtine,1,67.0,240.0
719,Super banese me qira te Rruga B,Prishtine,1,56.0,250.0
720,Ekstra banese me qira ne Rrugen C,Prishtine,3,125.0,350.0
721,Banese me qira te Rruga B,Prishtine,2,78.0,300.0
722,Banese me qira ne lagjen Ulpiana,Prishtine,2,63.0,250.0
723,Leshohet banese me qira ne Bregun e Diellit,Prishtine,2,80.0,300.0
724,Banes me qira ne Rrugen B kompleksi Royal,Prishtine,1,50.0,250.0
725,Banes me qira ne Tokbashqe 2+1,Prishtine,2,85.0,230.0
726,Banes komode me qira ne Emshir,Prishtine,1,45.0,220.0
727,Oferte Banes me qira ne ARBERI,Prishtine,1,65.0,200.0
728,Banes komode me qira ne Ulpiane,Prishtine,1,65.0,250.0
729,Banes me qira ne lagjen Tophane 2+1,Prishtine,2,80.0,400.0
730,Banes me qira ne Rrugen B,Prishtine,2,80.0,200.0
731,Banes me qira ne Lakrisht 2+1,Prishtine,1,65.0,300.0
732,Banese komode me qira ne Breg te Diellit,Prishtine,1,70.0,220.0
733,Banes me qira ne Dardani 2+1,Prishtine,2,100.0,270.0
734,Banes me qira te Sllovenia Sporti 2+1,Prishtine,2,87.0,350.0
735,Banes komode me qira ne Breg te Diellit,Prishtine,2,87.0,200.0
736,Banes me qira ne Emshir ndertim i ri,Prishtine,1,66.0,250.0
737,Banes me qira ne Qender te Prishtines,Prishtine,1,68.0,300.0
738,Banes me qira ne Qender 2+1,Prishtine,2,80.0,400.0
739,Banes komode me qira ne TOPHANE,Prishtine,1,60.0,220.0
740,Banes me qira te gjimnazi Sami Frasheri,Prishtine,1,54.0,200.0
741,Banes me qira ne Lagje te Spitalit 2+1,Prishtine,2,90.0,300.0
742,Banes komode me qira te Sllovenia Sporti,Prishtine,1,65.0,450.0
743,Banese (zyre) me qira ne Pejton,Prishtine,1,45.0,300.0
744,Banes me qira ne Breg te Diellit 2+1,Prishtine,2,92.0,330.0
745,Banes me qira ne Qender,Prishtine,1,50.0,300.0
746,Banes komode me qira ne Dardani,Prishtine,1,55.0,250.0
747,Banes komode me qira ne Arberi,Prishtine,1,60.0,230.0
748,Banes me qira ne Lagje te Spitalit,Prishtine,1,70.0,220.0
749,Banes me qira te 4 Llullat kati i pare,Prishtine,1,60.0,240.0
750,Banes me qira ne lagjen Emshir 2+1,Prishtine,2,75.0,300.0
751,Banese me qira ne Breg te Diellit 2+1,Prishtine,2,75.0,260.0
752,Banes me qira ne Breg te Diellit 2+1,Prishtine,2,76.0,250.0
753,Banes me qira ne Lagje te Spitalit- kompleksi Luledielli,Prishtine,2,75.0,220.0
754,Banes me qira ne Emshir 3+1,Prishtine,3,95.0,300.0
755,Banes me qira ne Mati 1 2+1,Prishtine,2,75.0,250.0
756,Banes me qira ne Lakrishte 2+1,Prishtine,2,105.0,320.0
757,Banes ekskluzive me qira ne Tophane,Prishtine,1,65.0,250.0
758,Banes me qira ne Ulpiane 2+1,Prishtine,2,75.0,300.0
759,Banes me qira te Sllovenia Sporti 2+1,Prishtine,2,75.0,300.0
760,Banese komode me qira ne Ulpiane,Prishtine,1,65.0,300.0
761,Banes me qira ne Lagje te Spitalit 2+1,Prishtine,2,75.0,350.0
762,Banes me qira ne Lagje te Spitalit - Royall,Prishtine,3,100.0,390.0
763,Banes me qira ne Lagje te Spitalit,Prishtine,1,60.0,200.0
764,Banes komode me qira ne Ulpiane,Prishtine,1,45.0,220.0
765,Banes me qira ne Emshir 2+1,Prishtine,2,100.0,300.0
766,Banes komode me qira ne Mati 1,Prishtine,1,55.0,200.0
767,Banese moderne me qira ne Arberi,Prishtine,2,84.0,450.0
768,Banes me qira ne Mati 1 2+1,Prishtine,2,76.0,250.0
769,Banes me qira ne Mati 1,Prishtine,1,70.0,300.0
770,Banes moderne me qira ne Arberi,Prishtine,1,65.0,250.0
771,Banes moderne me qira ne Breg te Diellit,Prishtine,2,88.0,450.0
772,Banes komode me qira ne Arberi,Prishtine,1,65.0,300.0
773,Banes me qira ne Qender,Prishtine,1,65.0,250.0
774,Banese moderne me qira ne Emshir,Prishtine,1,60.0,250.0
775,Banes me qira te Parku i Qytetit 2+1,Prishtine,2,75.0,280.0
776,Banese moderne me qira ne Arberi,Prishtine,1,65.0,350.0
777,Banes moderne me qira ne Arberi,Prishtine,1,70.0,280.0
778,Banes komode me qira ne Tophane,Prishtine,1,65.0,220.0
779,Banes me qira ne Tophane 2+1,Prishtine,2,75.0,320.0
780,Super banes me qira te Qafa,Prishtine,1,65.0,300.0
781,Banes me qira ne Lagje te Spitalit,Prishtine,2,86.0,400.0
782,Leshohet banese me qira ne lagjen Bregu i diellit,Prishtine,2,90.0,270.0
783,Super banese me qira te Rruga B,Prishtine,1,60.0,330.0
784,Banese moderne me qira ne Rrugen B,Prishtine,1,60.0,330.0
785,Banese e re me qira ne lagjen Arberia,Prishtine,2,94.0,350.0
786,Banese me qira ne lagjen Lakrishte,Prishtine,3,160.0,800.0
787,Banese me qira ne lagjen Mati 1,Prishtine,1,61.0,250.0
788,Ipet banese e re me qira ne lagjen Bregu i diellit,Prishtine,2,100.0,250.0
789,Banese ( garsoniere ) me qira ne lagjen Ulpiana,Prishtine,1,40.0,200.0
790,Leshohet banese me qira ne lagjen Pejton,Prishtine,2,110.0,330.0
791,Leshohet banese moderne me qira ne lagjen Arberia,Prishtine,1,58.0,300.0
792,Banese e re me qira ne Arberi,Prishtine,1,65.0,300.0
793,Ipet banese me qira ne Qender,Prishtine,2,76.0,280.0
794,Banese me qira ne lagjen Bregu i diellit,Prishtine,1,65.0,220.0
795,Leshohet banese me qira ne lagjen Ulpiana,Prishtine,1,37.0,220.0
796,Banese (garsoniere) me qira ne lagjen Dardania,Prishtine,1,45.0,220.0
797,Banese luksoze me qira ne lagjen Arberia,Prishtine,3,135.0,1300.0
798,Leshohet banese me qira ne lagjen Bregu i diellit,Prishtine,2,75.0,270.0
799,Leshohet banese me qira ne Lagjen e Muhaxherve,Prishtine,2,80.0,210.0
800,Banese ( Garsoniere ) me qira ne lagjen Lakrishte,Prishtine,1,40.0,200.0
801,Leshohet banesa me qira ne lagjen Emshir,Prishtine,1,61.0,240.0
802,Leshohet banese me qira te 4 Llullat,Prishtine,2,65.0,250.0
803,Leshohet banese me qira ne lagjen Ulpiana,Prishtine,1,60.0,250.0
804,Banese komode ne lagjen Sllovenia Sporti,Prishtine,1,55.0,230.0
805,Banese me qira ne Qender 2+1,Prishtine,2,90.0,250.0
806,Leshohet banese me qira ne Aktash,Prishtine,2,90.0,300.0
807,Leshohet banese me qira ne Qender,Prishtine,1,47.0,200.0
808,Banese me qira ne Lagjen e Muhagjerve,Prishtine,1,60.0,250.0
809,Banese me qira ne lagjen Ulpiana,Prishtine,1,60.0,220.0
810,Leshohet banese me qira ne Arberi,Prishtine,1,60.0,250.0
811,Banese me qira te Sllovenia Sporti,Prishtine,1,65.0,250.0
812,Banese ( Garsoniere ) me qira ne Emshir,Prishtine,1,37.0,200.0
813,Banese me qira ne Aktash 2+1,Prishtine,2,70.0,300.0
814,Super banese me qira te Mati 1,Prishtine,1,65.0,200.0
815,Banese me qira ne lagjen Ulpiana,Prishtine,1,45.0,230.0
816,Ipet banese me qira ne Lagjen Dardania,Prishtine,2,120.0,330.0
817,Leshohet banese me qira ne Bregun e Diellit,Prishtine,2,70.0,300.0
818,Ekstra banese me qira ne Lakrishte,Prishtine,2,84.0,500.0
819,Banese me qira ne Lakrishte 2+1,Prishtine,2,97.0,200.0
820,Banese me qira ne Rrugen C,Prishtine,1,60.0,200.0
821,Banese me qira ne lagjen Dardania,Prishtine,2,70.0,300.0
822,Leshohet banese me qira te Parku i Qytetit,Prishtine,2,85.0,250.0
823,Banese ( Garsoniere ) me qira ne Dardani,Prishtine,1,40.0,220.0
824,Leshohet banese me qira ne Bregun e Dielit,Prishtine,2,89.0,300.0
825,Banese me qira ne lagjen Arberia,Prishtine,1,60.0,240.0
826,Banese me qira te 4 Llullat 2+1,Prishtine,2,65.0,250.0
827,Banese me qira ne lagjen Dardania,Prishtine,2,70.0,300.0
828,Super banes me qira,Prishtine,2,75.0,250.0
829,Banes komode me qira ne Breg te Diellit,Prishtine,1,65.0,250.0
830,Super banes me qira ne Arberi,Prishtine,1,63.0,1050.0
831,Banes me qira ne Tophane,Prishtine,1,67.0,300.0
832,Banes me qira ne Dardani 2+1,Prishtine,2,90.0,300.0
833,Banes me qira ne Mati 1 2+1,Prishtine,2,80.0,250.0
834,Banes me qira ne Qender 2+1 - kompleksi Avalla,Prishtine,2,75.0,350.0
835,Super banes me qira ne Lagje te Muhaxhereve,Prishtine,3,120.0,800.0
836,Banes komode me qira ne Breg te Diellit,Prishtine,1,45.0,200.0
837,Banes me qira te Qafa 2+1,Prishtine,2,80.0,350.0
838,Banes me qira ne Breg te Diellit 2+1,Prishtine,2,80.0,250.0
839,Super banes me qira ne Qender,Prishtine,2,90.0,400.0
840,Banes Exkluzive me qira,Prishtine,2,160.0,600.0
841,Banes (penthause) me qira,Prishtine,2,100.0,300.0
842,Banes komode me qira ne Arberi,Prishtine,1,65.0,250.0
843,Banes moderne me qira ne Breg te Diellit,Prishtine,1,70.0,250.0
844,Banes me qira ne Pejton 2+1,Prishtine,2,75.0,300.0
845,Banes moderne me qira ne Lagje te Spitalit,Prishtine,2,75.0,300.0
846,Banes moderne me qira ne Arberi,Prishtine,2,103.0,300.0
847,Banese moderne me qira ne Lakrishte,Prishtine,2,80.0,320.0
848,Super banes me qira ne Emshir,Prishtine,2,82.0,350.0
849,Super Ofere Banes me qira 1+1 _200,Prishtine,1,50.0,200.0
850,Banese komode me qira ne Emshir,Prishtine,1,50.0,220.0
851,Banes me qira te Sllovenia Sporti,Prishtine,1,65.0,260.0
852,Banes me qira ne FusheKosove e pa banuar me pare,Fushe Kosove,1,60.0,250.0
853,Banes me qira ne Lagje te Spitalit 2+1,Prishtine,2,75.0,250.0
854,Banes komode me qira ne Lagje te Spitalit,Prishtine,1,65.0,250.0
855,Banes me qira ne Lakrishte 2+1,Prishtine,2,75.0,280.0
856,Banes moderne me qira ne Tophane,Prishtine,2,75.0,300.0
857,Banes me qira ne Ulpiane,Prishtine,1,60.0,300.0
858,Banes komode me qira ne Lagje te Spitalit,Prishtine,1,68.0,250.0
859,Banes me qira te Parku i Qytetit 2+1,Prishtine,2,98.0,250.0
860,Banes komode me qira ne Breg te Diellit,Prishtine,1,65.0,250.0
861,Banes me qira te Parku i Qytetit 2+1,Prishtine,2,90.0,300.0
862,Banes me qira ne lagjen Dodona 2+1,Prishtine,2,70.0,300.0
863,Banes me qira te Qafa- kafet e vogla,Prishtine,2,90.0,250.0
864,Banes me qira ne Lakrishte 2+1 (105m2),Prishtine,2,105.0,320.0
865,Banes ekskluzive me qira ne Pejton,Prishtine,2,95.0,700.0
866,Banese moderne me qira ne Mati 1,Prishtine,2,75.0,300.0
867,Banes me qira ne Ulpiane,Prishtine,1,50.0,240.0
868,Banes ( zyre) me qira ne Mati 1,Prishtine,1,55.0,220.0
869,Banese komode me qira ne Dardani,Prishtine,1,50.0,250.0
870,Banes me qira ne Lakrishte 2+1,Prishtine,2,85.0,300.0
871,Banes me qira ne Ulpiane,Prishtine,1,50.0,250.0
872,Banes me qira mobiluar te Sllovenia Sport,Prishtine,1,65.0,200.0
873,Banes me qira te 4 Llullat,Prishtine,1,45.0,200.0
874,Banese me qira ne lagjen Lakrishte,Prishtine,1,60.0,250.0
875,Leshohet banese me qira te Qafa,Prishtine,1,50.0,300.0
876,Banese moderne me qira ne lagjen Arberia,Prishtine,1,70.0,320.0
877,Banese me qira ne lagjen Emshir,Prishtine,2,75.0,300.0
878,Leshohet banese me qira ne lagjen Dardania,Prishtine,1,40.0,200.0
879,Leshohet banese me qira ne lagjen Ulpiana,Prishtine,1,40.0,250.0
880,Banese me qira ne Lakrishte 2+1,Prishtine,2,80.0,350.0
881,Banese e re me qira ne lagjen Emshir,Prishtine,2,100.0,500.0
882,Banese me qira ne lagjen Lakrishte,Prishtine,2,65.0,350.0
883,Banese moderne me qira ne lagjen Arberia,Prishtine,1,55.0,350.0
884,Banese me qira ne lagjen Lakrishte,Prishtine,2,105.0,400.0
885,Ipet banese me qira ne lagjen Tophane,Prishtine,1,60.0,250.0
886,Ipet banese me qira ne Qender,Prishtine,2,75.0,330.0
887,Leshohet banese me qira ne lagjen Arberia,Prishtine,1,56.0,280.0
888,Leshohet banese me qira te Qafa,Prishtine,2,88.0,300.0
889,Leshohet banese me qira ne lagjen Mati 1,Prishtine,2,84.0,280.0
890,Leshohet banese me qira ne lagjen Dardania,Prishtine,1,70.0,250.0
891,Banese me qira ne lagjen Arberia_1+1,Prishtine,1,65.0,250.0
892,Banese me qira te Sllovenia Sporti,Prishtine,1,50.0,220.0
893,Leshohet banese me qira te Rruga B,Prishtine,2,89.0,400.0
894,"Banese me qira ne Rruge B, e pamobiluar",Prishtine,1,45.0,250.0
895,Banese me qira ne lagjen Dardania,Prishtine,1,42.0,170.0
896,Leshohet banese me qira ne lagjen Ulpiana,Prishtine,1,40.0,250.0
897,Banese me qira te 4 Llullat 2+1,Prishtine,2,78.0,300.0
898,Banese moderne me qira ne lagjen Lakrishte,Prishtine,2,89.0,400.0
899,Banese ( garsoniere) me qira ne Bregun i diellit,Prishtine,1,40.0,180.0
900,Banese ekskluzive me qira ne lagjen Pejton,Prishtine,2,100.0,600.0
901,Banese me qira ne Emshir,Prishtine,2,80.0,300.0
902,Banese ( Zyre ) me qira ne Ulpiane,Prishtine,3,60.0,400.0
903,Super banese me qira ne Ulpiane,Prishtine,2,85.0,500.0
904,Ofrohet banese me qira ne Dardani,Prishtine,1,70.0,250.0
905,Leshohet banese me qira ne Emshir,Prishtine,2,80.0,300.0
906,Ofrohet banese me qira ne Lakrishte,Prishtine,1,70.0,250.0
907,Leshohet banese me qira te 4 Llullat,Prishtine,3,100.0,350.0
908,Leshohet banese me qira ne Aktash,Prishtine,2,90.0,300.0
909,Super banese me qira ne Emshir,Prishtine,2,105.0,330.0
910,Banese me qira ne Ulpiane,Prishtine,1,45.0,200.0
911,Ofrohet banese me qira te Rruga B 2+1,Prishtine,2,80.0,250.0
912,Banese e re me qira ne Lagje te Spitalit,Prishtine,1,60.0,250.0
913,Ekstra banese me qira ne Lakrishte,Prishtine,2,85.0,600.0
914,Banese me qira ne Emshir,Prishtine,1,58.0,220.0
915,Banese me qira ne Lagjen e Spitalit 2+1,Prishtine,2,95.0,210.0
916,Leshohet banese me qira ne Dardani,Prishtine,1,60.0,220.0
917,Banese me qira ne Lagjen e Muhagjerve,Prishtine,2,60.0,250.0
918,Super banese me qira ne Tophane,Prishtine,2,75.0,250.0
919,Banes me qira ne Lagje te Spitalit,Prishtine,2,65.0,250.0
920,Banese me qira ne lagjen Arberia,Prishtine,1,65.0,280.0
921,Super Banese me Qira ne Arberi,Prishtine,2,90.0,400.0
922,Ofrohet banese me qira ne lagjen Arberia,Prishtine,1,65.0,330.0
923,Super banese me qira ne Arberi 3+1,Prishtine,3,130.0,500.0
924,Super banese me qira ne Arberi 2+1,Prishtine,2,96.0,350.0
925,Banese me qira ne Lagjen e Muhagjerve,Prishtine,1,43.0,200.0
926,Ofrohet banese me qira ne Qender 2+1,Prishtine,2,80.0,280.0
927,Banese me qira ne lagjen Dardania,Prishtine,2,70.0,300.0
928,Banes me qira ne Lakrishte 2+1,Prishtine,2,80.0,270.0
929,Banes me qira 2+1,Prishtine,2,77.0,220.0
930,Banes me qira ne Breg te Diellit Kompleksi Famis,Prishtine,2,75.0,300.0
931,Banes me qira ne Qender-Grandi,Prishtine,1,55.0,350.0
932,Banes me qira ne Ulpiane 2+1,Prishtine,2,70.0,320.0
933,Banes komode ne Tophane,Prishtine,1,65.0,230.0
934,Banes komode me qira te Sllovenia Sporti,Prishtine,1,65.0,250.0
935,Banes me qira te Qafa,Prishtine,1,65.0,250.0
936,Super banes me qira ne Arberi,Prishtine,3,110.0,400.0
937,Banes me qira ne Emshir 2+1,Prishtine,2,86.0,250.0
938,Super banes me qira,Prishtine,2,80.0,500.0
939,Banes komode me qira,Prishtine,1,65.0,230.0
940,Banese moderne me qira ne Tophane,Prishtine,2,75.0,300.0
941,Banes me qira ne Arberi - Komuna e Re,Prishtine,1,65.0,250.0
942,SUPER Banese me qera Royal_Termokos,Prishtine,1,65.0,280.0
943,Super Banes me qira ne Fushe Kosove,Prishtine,2,104.0,550.0
944,Banes me qira ne Qender 2+1,Prishtine,2,80.0,350.0
945,Banes me qira ne Breg te Diellit,Prishtine,2,90.0,200.0
946,Banes me qira ne Lakrishte 2+1,Prishtine,2,75.0,300.0
947,Banes komode me qira ne Emshir,Prishtine,1,65.0,300.0
948,Banes me qira te Shkolla Sami Frasheri,Prishtine,2,85.0,380.0
949,Banes komode me qira ne Mati 1,Prishtine,1,45.0,200.0
950,Super banes me qira ne Breg te Diellit,Prishtine,2,120.0,500.0
951,Banese me qira ne Qender afer shkolles Elena Gjika,Prishtine,3,100.0,300.0
952,Banes me qira ne Qender 2+1,Prishtine,2,75.0,250.0
953,Banes komode me qira ne Arberi,Prishtine,1,65.0,300.0
954,Banes me qira ne Lagje te Muhaxhereve- Hotel Afa,Prishtine,2,80.0,300.0
955,Banese me qira te Sllovenia Sporti_Hotel Sirius,Prishtine,2,70.0,350.0
956,Banes komode me qira ne lagjen Dardania,Prishtine,1,65.0,250.0
957,Super Banes me qira kompleksi Tregtia,Prishtine,1,65.0,250.0
958,Banes moderne me qira ne Emshir,Prishtine,1,50.0,230.0
959,Banes moderne me qira ne Lakrishte,Prishtine,2,85.0,320.0
960,Banes me qira te Qafa 2+1,Prishtine,2,76.0,280.0
961,Banes komode me qira ne Breg te Diellit- Fakulteti Teknik,Prishtine,1,65.0,300.0
962,Super banes me qira ne Breg te Diellit,Prishtine,2,75.0,350.0
963,Banes me qira te Sllovenia Sporti 2+1,Prishtine,2,70.0,350.0
964,Banes moderne me qira ne Arberi,Prishtine,2,80.0,400.0
965,Banes me qira ne Mati 1 2+1,Prishtine,2,75.0,350.0
966,Banes me qira ne Tasligje,Prishtine,2,70.0,200.0
967,Banes me qira ne Dardani 2+1,Prishtine,2,75.0,250.0
968,Banes me qira ne Breg te Diellit 2+1,Prishtine,2,90.0,350.0
969,Banes me qira ne Breg te Diellit te Furra Qerimi,Prishtine,2,100.0,300.0
970,Banes komode me qira ne Breg te Diellit,Prishtine,1,45.0,200.0
971,Extra banes me qira ne Arberi me garazh,Prishtine,1,65.0,350.0
972,Banes me qira ne Ulpiane,Prishtine,1,65.0,300.0
973,Banes me qira ne Tokbashqe,Prishtine,1,67.0,230.0
974,Banes me qira ne Tophane ndertim i ri,Prishtine,1,60.0,250.0
975,Banes me qira ne Ulpiane per zyre,Prishtine,2,65.0,300.0
976,Banes me qira ne Lagje te Muhaxhereve,Prishtine,1,40.0,200.0
977,Banes me qira ne Breg te Diellit kompleski Dafina,Prishtine,1,45.0,250.0
978,Leshohet banese me qira te Qafa,Prishtine,2,80.0,400.0
979,Leshohet banese ( garsoniere ) me qira ne Qender,Prishtine,1,35.0,200.0
980,Super banese me qira ne lagjen Arberia,Prishtine,3,116.0,600.0
981,Ipet banese me qira ne lagjen Ulpiana,Prishtine,2,65.0,350.0
982,Banese me qira ne lagjen Emshir,Prishtine,2,82.0,300.0
983,Leshohet banese me qira te Qafa,Prishtine,2,80.0,300.0
984,Banese e re me qira ne Breg te Diellit,Prishtine,1,65.0,280.0
985,Super banese me qira ne lagjen Bregu i diellit,Prishtine,3,106.0,300.0
986,Ekstra banese me qira ne lagjen Pejton,Prishtine,2,80.0,350.0
987,Leshohet banese me qira ne rrugen B,Prishtine,1,60.0,230.0
988,Banese luksoze me qira ne lagjen Emshir,Prishtine,1,86.0,350.0
989,Super banese me qira ne lagjen e spitalit,Prishtine,3,115.0,390.0
990,Leshohet banese me qira ne lagjen Ulpiana,Prishtine,1,40.0,250.0
991,Leshohet banese me qira ne lagjen Mati 1,Prishtine,2,83.0,350.0
992,Leshohet banese me qira ne lagjen Bregu i diellit,Prishtine,3,135.0,300.0
993,Leshohet banese me qira ne Lagje te Spitalit,Prishtine,2,80.0,300.0
994,Leshohet banese me qira ne lagjen Arberia,Prishtine,1,55.0,220.0
995,Ekstra banese me qira ne lagjen Lakrishte,Prishtine,1,67.0,350.0
996,Banese luksoze me qira ne lagjen Arberia,Prishtine,2,95.0,400.0
997,Leshohet banese me qira ne lagjen Arberia,Prishtine,2,65.0,270.0
998,Banes me qira ne lagjen Arberia tek Vip Tregtia,Prishtine,1,65.0,300.0
999,Extra banes me qira ne ARBERI,Prishtine,3,150.0,900.0
1000,Banese me qira te parku i qytetit,Prishtine,2,75.0,280.0
1001,Leshohet banese me qira ne lagjen Emshir,Prishtine,2,75.0,200.0
1002,Banese ( Garsoniere ) me qira te Sllovenia Sporti,Prishtine,1,30.0,200.0
1003,Leshohet banese me qira ne Lagjen e Spitalit,Prishtine,1,60.0,240.0
1004,Leshohet banese me qira ne Arberi,Prishtine,2,90.0,330.0
1005,Banese me qira ne Lagjen e Spitalit,Prishtine,1,58.0,230.0
1006,Banese me qira ne Qender 2+1,Prishtine,2,90.0,300.0
1007,Banese me qira te Qafa,Prishtine,1,55.0,230.0
1008,Banes me qira te Sllovenia Sporti,Prishtine,1,65.0,260.0
1009,Leshohet banese me qira ne Arberi,Prishtine,2,80.0,250.0
1010,Banese me qira ne Dardani 1+1,Prishtine,1,55.0,250.0
1011,Leshohet banese me qira ne Arberi,Prishtine,1,55.0,200.0
1012,Banese Moderne me qira ne Arberi,Prishtine,1,64.0,300.0
1013,Super banese me qira ne Arberi,Prishtine,1,57.0,250.0
1014,Banese me qira te Qafa,Prishtine,1,55.0,250.0
1015,Banese me qira ne Lagje te Spitalit,Prishtine,1,62.0,230.0
1016,Super banese me qira ne Breg te Diellit,Prishtine,1,60.0,250.0
1017,Leshohet banese me qira ne Emshir,Prishtine,2,90.0,280.0
1018,Leshohet banese ( garsoniere ) me qira ne Qender,Prishtine,1,40.0,220.0
1019,Leshohet banese me qira ne Velani,Prishtine,1,60.0,200.0
1020,Leshohet me qira super banese ne Lagje te Spitalit,Prishtine,3,110.0,400.0
1021,Super banese me qira te Mati 1,Prishtine,1,63.0,250.0
1022,Super banese me Qira te Qafa 3+1,Prishtine,3,160.0,800.0
1023,Leshohet banese me qira ne Lagjen e Spitalit,Prishtine,1,55.0,250.0
1024,Super banese me qira ne Arberi,Prishtine,1,60.0,270.0
1025,Extra Banese me qera,Prishtine,1,60.0,280.0
1026,Banes Moderne me Qira ne Qender te Extrem Pizza,Prishtine,2,61.0,550.0
1027,Banes 2 Dhomshe me Qira ne Dardani,Prishtine,2,72.0,300.0
1028,"Banes� me #qira n� lagjen Dardania, te Fellini#3408",Prishtine,2,42.0,220.0
1029,"Banes� tridhom�she me #qira n� lagjen Qender, prapa Hotel SIrius #3406",Prishtine,3,78.0,350.0
1030,"Kat� sht�pie me #qira n� lagjen Bregu i Diellit, te Xhambazt #3409",Prishtine,3,100.0,300.0
1031,"Banes� dydhom�she me #qira n� lagjen Kalabria, pran� UBT-s� #3441",Prishtine,2,62.0,280.0
1032,"Banes� kat�rdhom�she me #qira n� lagjen Bregu i Diellit, pran� Ambulant�s #3442",Prishtine,4,110.0,250.0
1033,Banese me qera ne lagjen Mati 1.,Prishtine,3,90.0,350.0
1034,Banese me qira ne Breg te Diellit 2+1,Prishtine,2,76.0,300.0
1035,Banese me qira ne Mati 1,Prishtine,2,76.0,300.0
1036,Banese me qira ne Lagje te Muhaxhereve 2+1,Prishtine,2,70.0,200.0
1037,Banese me qira ne Lagje te Spitalit 3+1,Prishtine,3,100.0,300.0
1038,Super Banese me qira ne Pejton,Prishtine,2,75.0,450.0
1039,Banese me qira ne Pejton 3+1,Prishtine,3,100.0,450.0
1040,Super Banese,Prishtine,2,75.0,300.0
1041,Banese me qira te Sllovenia Sporti_1+1,Prishtine,1,55.0,260.0
1042,Banese me qira ne lagjen Mati 1_1+1,Prishtine,1,65.0,220.0
1043,Banese me qira ne Pejton_2+1,Prishtine,2,75.0,300.0
1044,Banese me qira ne Emshir,Prishtine,1,55.0,250.0
1045,Banese me qira ne Arberi_3+1,Prishtine,3,105.0,550.0
1046,Banese me qira ne Qender_3+1,Prishtine,3,100.0,300.0
1047,Banese me qira ne Kalabri_1+1,Prishtine,1,60.0,230.0
1048,Banese me qira ne Qender te 4 Llullat,Prishtine,1,70.0,275.0
1049,Banese me qira ne Dardani_2+1,Prishtine,2,100.0,350.0
1050,BANESA ME QERA NE QENDER,Prishtine,2,40.0,170.0
1051,BANESA ME QERA NE QENDER,Prishtine,2,52.0,250.0
1052,"Banes� dydhom�she me #qira n� lagjen Kalabria, pran� UBT-s� #3454",Prishtine,2,62.0,280.0
1053,Banese me qera ne Rrugen B.,Prishtine,3,90.0,450.0
1054,Banese me qira ne lagjen Bregu i Diellit,Prishtine,2,75.0,300.0
1055,Banese me qira ne lagjen Arberia,Prishtine,1,60.0,350.0
1056,Banese me qira ne lagjen Bregu i Diellit,Prishtine,2,90.0,450.0
1057,Banese me qira ne lagjen Mati 1,Prishtine,1,56.0,350.0
1058,Banese me qira ne lagjen Bregu i Diellit,Prishtine,3,112.0,400.0
1059,Banese me qira ne lagjen Dardania 2+1,Prishtine,2,80.0,450.0
1060,Banesa me qira te Qafa,Prishtine,1,65.0,350.0
1061,Banese me qira ne lagjen Aktash_2+1,Prishtine,2,72.0,500.0
1062,Banese me qira ne lagjen Emshir_2+1,Prishtine,2,77.0,400.0
1063,Banese me qira te Qafa_2+1,Prishtine,2,70.0,500.0
1064,Banese me qira ne Rrugen C_2+1,Prishtine,2,70.0,450.0
1065,Banese me qira ne lagjen Ulpiana,Prishtine,1,40.0,250.0
